merchant_region,category,chiffre_affaires,nb_transactions,ca_region,part_dans_region_pct
Auvergne-Rhône-Alpes,Automotive,2144976.9,2233,6627956.96,32.36
Auvergne-Rhône-Alpes,Electronics,1866340.27,1347,6627956.96,28.16
Auvergne-Rhône-Alpes,Home & Garden,1031942.59,1856,6627956.96,15.57
Auvergne-Rhône-Alpes,Sports,549853.5,1642,6627956.96,8.3
Auvergne-Rhône-Alpes,Toys,274422.84,2599,6627956.96,4.14
Auvergne-Rhône-Alpes,Health,256006.64,1705,6627956.96,3.86
Auvergne-Rhône-Alpes,Beauty,168804.89,1774,6627956.96,2.55
Auvergne-Rhône-Alpes,Books,116597.38,2572,6627956.96,1.76
Auvergne-Rhône-Alpes,Clothing,114222.23,518,6627956.96,1.72
Auvergne-Rhône-Alpes,Food,104789.72,2047,6627956.96,1.58
Bretagne,Automotive,2220265.87,2018,4593177.66,48.34
Bretagne,Electronics,1072037.08,710,4593177.66,23.34
Bretagne,Sports,661733.81,1902,4593177.66,14.41
Bretagne,Home & Garden,198954.5,409,4593177.66,4.33
Bretagne,Clothing,181950.99,800,4593177.66,3.96
Bretagne,Toys,88388.51,919,4593177.66,1.92
Bretagne,Food,73857.95,1058,4593177.66,1.61
Bretagne,Health,53378.34,471,4593177.66,1.16
Bretagne,Books,24998.53,528,4593177.66,0.54
Bretagne,Beauty,17612.08,195,4593177.66,0.38
Grand Est,Electronics,1371736.53,863,3975561.3800000004,34.5
Grand Est,Automotive,1020524.9,1028,3975561.3800000004,25.67
Grand Est,Home & Garden,495603.7,1021,3975561.3800000004,12.47
Grand Est,Health,250123.67,1658,3975561.3800000004,6.29
Grand Est,Clothing,222700.64,1065,3975561.3800000004,5.6
Grand Est,Sports,200079.29,470,3975561.3800000004,5.03
Grand Est,Beauty,156185.89,1327,3975561.3800000004,3.93
Grand Est,Toys,122187.1,1135,3975561.3800000004,3.07
Grand Est,Food,86740.27,1351,3975561.3800000004,2.18
Grand Est,Books,49679.39,1129,3975561.3800000004,1.25
Hauts-de-France,Home & Garden,1360465.31,2093,4413562.4799999995,30.82
Hauts-de-France,Electronics,936920.13,867,4413562.4799999995,21.23
Hauts-de-France,Sports,881518.23,2243,4413562.4799999995,19.97
Hauts-de-France,Clothing,435186.73,1806,4413562.4799999995,9.86
Hauts-de-France,Automotive,223404.5,184,4413562.4799999995,5.06
Hauts-de-France,Beauty,186907.55,1646,4413562.4799999995,4.23
Hauts-de-France,Toys,167084.59,1694,4413562.4799999995,3.79
Hauts-de-France,Health,154404.58,968,4413562.4799999995,3.5
Hauts-de-France,Food,35046.19,557,4413562.4799999995,0.79
Hauts-de-France,Books,32624.67,673,4413562.4799999995,0.74
Ile-de-France,Automotive,3569102.71,3246,1.0912834709999997E7,32.71
Ile-de-France,Electronics,3240937.19,2268,1.0912834709999997E7,29.7
Ile-de-France,Sports,1086481.17,3154,1.0912834709999997E7,9.96
Ile-de-France,Clothing,1011828.69,5018,1.0912834709999997E7,9.27
Ile-de-France,Home & Garden,822591.49,1680,1.0912834709999997E7,7.54
Ile-de-France,Health,392038.93,2491,1.0912834709999997E7,3.59
Ile-de-France,Beauty,360808.81,3238,1.0912834709999997E7,3.31
Ile-de-France,Food,160738.1,2496,1.0912834709999997E7,1.47
Ile-de-France,Toys,155928.33,1439,1.0912834709999997E7,1.43
Ile-de-France,Books,112379.29,2428,1.0912834709999997E7,1.03
Inconnu,Electronics,1218047.28,907,2440872.96,49.9
Inconnu,Automotive,516188.73,698,2440872.96,21.15
Inconnu,Sports,381083.71,1048,2440872.96,15.61
Inconnu,Health,83015.08,495,2440872.96,3.4
Inconnu,Clothing,63402.97,252,2440872.96,2.6
Inconnu,Beauty,60795.21,575,2440872.96,2.49
Inconnu,Toys,58773.01,530,2440872.96,2.41
Inconnu,Food,29199.02,480,2440872.96,1.2
Inconnu,Home & Garden,17526.99,28,2440872.96,0.72
Inconnu,Books,12840.96,340,2440872.96,0.53
Normandie,Electronics,1723185.53,1236,3370785.52,51.12
Normandie,Home & Garden,759430.73,1371,3370785.52,22.53
Normandie,Sports,382028.91,984,3370785.52,11.33
Normandie,Automotive,161429.28,152,3370785.52,4.79
Normandie,Health,113359.98,808,3370785.52,3.36
Normandie,Food,75549.4,1209,3370785.52,2.24
Normandie,Toys,60992.26,604,3370785.52,1.81
Normandie,Clothing,51281.71,293,3370785.52,1.52
Normandie,Books,43527.72,923,3370785.52,1.29
Nouvelle-Aquitaine,Electronics,2680817.93,1727,6552670.120000001,40.91
Nouvelle-Aquitaine,Automotive,1745063.1,1955,6552670.120000001,26.63
Nouvelle-Aquitaine,Home & Garden,925169.41,1845,6552670.120000001,14.12
Nouvelle-Aquitaine,Beauty,308794.71,2768,6552670.120000001,4.71
Nouvelle-Aquitaine,Health,266158.38,1938,6552670.120000001,4.06
Nouvelle-Aquitaine,Toys,163630.86,1503,6552670.120000001,2.5
Nouvelle-Aquitaine,Sports,142473.28,502,6552670.120000001,2.17
Nouvelle-Aquitaine,Food,136920.5,2301,6552670.120000001,2.09
Nouvelle-Aquitaine,Clothing,107386.51,581,6552670.120000001,1.64
Nouvelle-Aquitaine,Books,76255.44,1779,6552670.120000001,1.16
Occitanie,Automotive,1911669.75,1737,4638178.100000001,41.22
Occitanie,Electronics,1312068.58,1003,4638178.100000001,28.29
Occitanie,Clothing,310140.74,1573,4638178.100000001,6.69
Occitanie,Home & Garden,286872.28,663,4638178.100000001,6.19
Occitanie,Toys,236378.15,2317,4638178.100000001,5.1
Occitanie,Sports,188144.7,425,4638178.100000001,4.06
Occitanie,Health,185686.44,1168,4638178.100000001,4.0
Occitanie,Food,77169.2,1087,4638178.100000001,1.66
Occitanie,Beauty,72290.36,701,4638178.100000001,1.56
Occitanie,Books,57757.9,1139,4638178.100000001,1.25
Pays de la Loire,Electronics,1664243.25,1196,3140610.0199999996,52.99
Pays de la Loire,Home & Garden,496463.94,926,3140610.0199999996,15.81
Pays de la Loire,Automotive,437576.98,469,3140610.0199999996,13.93
Pays de la Loire,Sports,238782.31,627,3140610.0199999996,7.6
Pays de la Loire,Health,94253.2,622,3140610.0199999996,3.0
Pays de la Loire,Clothing,77053.78,426,3140610.0199999996,2.45
Pays de la Loire,Beauty,59319.91,602,3140610.0199999996,1.89
Pays de la Loire,Books,46438.33,1002,3140610.0199999996,1.48
Pays de la Loire,Food,26478.32,472,3140610.0199999996,0.84
Provence-Alpes-Côte d'Azur,Electronics,1630557.72,1153,3585712.6700000004,45.47
Provence-Alpes-Côte d'Azur,Home & Garden,829019.0,1464,3585712.6700000004,23.12
Provence-Alpes-Côte d'Azur,Sports,371397.28,923,3585712.6700000004,10.36
Provence-Alpes-Côte d'Azur,Health,223399.51,1504,3585712.6700000004,6.23
Provence-Alpes-Côte d'Azur,Clothing,218967.59,1043,3585712.6700000004,6.11
Provence-Alpes-Côte d'Azur,Automotive,79561.77,157,3585712.6700000004,2.22
Provence-Alpes-Côte d'Azur,Toys,78045.91,828,3585712.6700000004,2.18
Provence-Alpes-Côte d'Azur,Beauty,73116.52,769,3585712.6700000004,2.04
Provence-Alpes-Côte d'Azur,Books,43471.5,1032,3585712.6700000004,1.21
Provence-Alpes-Côte d'Azur,Food,38175.87,758,3585712.6700000004,1.06
