cohort_month,period_index,nb_utilisateurs_actifs,chiffre_affaires,nb_utilisateurs_initiaux,taux_retention_pct,revenu_moyen_par_utilisateur
2024-01,0,680,964089.21,680,100.0,1417.78
2024-01,1,293,439912.86,680,43.09,1501.41
2024-01,2,247,391330.81,680,36.32,1584.34
2024-01,3,215,332736.66,680,31.62,1547.61
2024-01,4,181,287730.06,680,26.62,1589.67
2024-01,5,157,240462.78,680,23.09,1531.61
2024-01,6,147,214283.29,680,21.62,1457.71
2024-01,7,96,146948.94,680,14.12,1530.72
2024-01,8,103,152944.37,680,15.15,1484.9
2024-01,9,78,87205.52,680,11.47,1118.02
2024-01,10,72,91724.11,680,10.59,1273.95
2024-01,11,56,88672.19,680,8.24,1583.43
2024-01,12,56,94852.13,680,8.24,1693.79
2024-01,13,50,85242.63,680,7.35,1704.85
2024-01,14,35,54314.46,680,5.15,1551.84
2024-01,15,42,64576.73,680,6.18,1537.54
2024-01,16,24,41246.34,680,3.53,1718.6
2024-01,17,29,40508.98,680,4.26,1396.86
2024-01,18,30,55206.38,680,4.41,1840.21
2024-01,19,21,27183.64,680,3.09,1294.46
2024-01,20,16,27155.71,680,2.35,1697.23
2024-01,21,13,21941.88,680,1.91,1687.84
2024-01,22,10,25575.82,680,1.47,2557.58
2024-01,23,13,23042.2,680,1.91,1772.48
2024-02,0,589,917758.65,589,100.0,1558.16
2024-02,1,263,413565.66,589,44.65,1572.49
2024-02,2,204,333753.06,589,34.63,1636.04
2024-02,3,170,280905.74,589,28.86,1652.39
2024-02,4,183,270223.06,589,31.07,1476.63
2024-02,5,120,222727.0,589,20.37,1856.06
2024-02,6,114,156174.72,589,19.35,1369.95
2024-02,7,100,152611.52,589,16.98,1526.12
2024-02,8,86,135076.94,589,14.6,1570.66
2024-02,9,83,141699.39,589,14.09,1707.22
2024-02,10,63,89294.9,589,10.7,1417.38
2024-02,11,57,67948.05,589,9.68,1192.07
2024-02,12,38,56440.14,589,6.45,1485.27
2024-02,13,42,61129.31,589,7.13,1455.46
2024-02,14,44,56985.52,589,7.47,1295.13
2024-02,15,41,51303.56,589,6.96,1251.31
2024-02,16,14,28610.42,589,2.38,2043.6
2024-02,17,15,21491.63,589,2.55,1432.78
2024-02,18,20,29712.06,589,3.4,1485.6
2024-02,19,22,29582.75,589,3.74,1344.67
2024-02,20,8,11228.53,589,1.36,1403.57
2024-02,21,8,6314.49,589,1.36,789.31
2024-02,22,6,14641.26,589,1.02,2440.21
2024-03,0,614,914738.2,614,100.0,1489.8
2024-03,1,253,448166.76,614,41.21,1771.41
2024-03,2,223,385705.2,614,36.32,1729.62
2024-03,3,179,266261.36,614,29.15,1487.49
2024-03,4,169,292461.31,614,27.52,1730.54
2024-03,5,127,217928.15,614,20.68,1715.97
2024-03,6,119,183460.11,614,19.38,1541.68
2024-03,7,88,175916.56,614,14.33,1999.05
2024-03,8,87,130162.85,614,14.17,1496.12
2024-03,9,79,136471.01,614,12.87,1727.48
2024-03,10,65,118691.73,614,10.59,1826.03
2024-03,11,57,105080.51,614,9.28,1843.52
2024-03,12,59,115060.49,614,9.61,1950.18
2024-03,13,44,53374.86,614,7.17,1213.07
2024-03,14,24,26776.36,614,3.91,1115.68
2024-03,15,27,41003.24,614,4.4,1518.64
2024-03,16,33,40753.58,614,5.37,1234.96
2024-03,17,24,37999.79,614,3.91,1583.32
2024-03,18,16,17263.0,614,2.61,1078.94
2024-03,19,9,14823.95,614,1.47,1647.11
2024-03,20,14,18670.44,614,2.28,1333.6
2024-03,21,7,9654.99,614,1.14,1379.28
2024-04,0,610,830136.49,610,100.0,1360.88
2024-04,1,281,468547.24,610,46.07,1667.43
2024-04,2,210,327742.89,610,34.43,1560.68
2024-04,3,197,315292.0,610,32.3,1600.47
2024-04,4,167,248710.55,610,27.38,1489.28
2024-04,5,148,238285.19,610,24.26,1610.04
2024-04,6,123,208149.31,610,20.16,1692.27
2024-04,7,92,144324.57,610,15.08,1568.75
2024-04,8,89,140497.52,610,14.59,1578.62
2024-04,9,77,127432.33,610,12.62,1654.97
2024-04,10,57,82988.96,610,9.34,1455.95
2024-04,11,56,87041.27,610,9.18,1554.31
2024-04,12,42,63934.77,610,6.89,1522.26
2024-04,13,46,60750.57,610,7.54,1320.66
2024-04,14,40,58359.47,610,6.56,1458.99
2024-04,15,25,52893.93,610,4.1,2115.76
2024-04,16,19,18936.16,610,3.11,996.64
2024-04,17,18,18797.55,610,2.95,1044.31
2024-04,18,17,22705.55,610,2.79,1335.62
2024-04,19,20,24620.1,610,3.28,1231.0
2024-04,20,15,20341.71,610,2.46,1356.11
2024-05,0,596,762008.51,596,100.0,1278.54
2024-05,1,256,399425.34,596,42.95,1560.26
2024-05,2,217,347707.17,596,36.41,1602.34
2024-05,3,166,259527.94,596,27.85,1563.42
2024-05,4,157,246073.65,596,26.34,1567.35
2024-05,5,132,212718.42,596,22.15,1611.5
2024-05,6,123,186898.97,596,20.64,1519.5
2024-05,7,100,150551.38,596,16.78,1505.51
2024-05,8,87,123079.21,596,14.6,1414.7
2024-05,9,76,157366.64,596,12.75,2070.61
2024-05,10,53,83885.4,596,8.89,1582.74
2024-05,11,47,77459.57,596,7.89,1648.08
2024-05,12,49,72920.31,596,8.22,1488.17
2024-05,13,48,111327.64,596,8.05,2319.33
2024-05,14,32,54837.87,596,5.37,1713.68
2024-05,15,35,61607.2,596,5.87,1760.21
2024-05,16,27,58339.7,596,4.53,2160.73
2024-05,17,21,30367.58,596,3.52,1446.08
2024-05,18,18,25105.42,596,3.02,1394.75
2024-05,19,22,28370.26,596,3.69,1289.56
2024-06,0,571,865350.52,571,100.0,1515.5
2024-06,1,235,348439.14,571,41.16,1482.72
2024-06,2,202,306422.21,571,35.38,1516.94
2024-06,3,171,257309.19,571,29.95,1504.73
2024-06,4,145,239465.0,571,25.39,1651.48
2024-06,5,131,236864.84,571,22.94,1808.13
2024-06,6,118,164881.38,571,20.67,1397.3
2024-06,7,97,140863.95,571,16.99,1452.21
2024-06,8,79,124714.71,571,13.84,1578.67
2024-06,9,73,109386.69,571,12.78,1498.45
2024-06,10,59,116520.15,571,10.33,1974.92
2024-06,11,42,74403.49,571,7.36,1771.51
2024-06,12,49,94321.04,571,8.58,1924.92
2024-06,13,34,50166.94,571,5.95,1475.5
2024-06,14,35,58057.75,571,6.13,1658.79
2024-06,15,29,46827.33,571,5.08,1614.74
2024-06,16,28,55422.5,571,4.9,1979.38
2024-06,17,25,44735.84,571,4.38,1789.43
2024-06,18,15,19601.51,571,2.63,1306.77
2024-07,0,564,745580.5,564,100.0,1321.95
2024-07,1,238,349881.74,564,42.2,1470.09
2024-07,2,185,320163.67,564,32.8,1730.61
2024-07,3,163,210928.47,564,28.9,1294.04
2024-07,4,135,195807.85,564,23.94,1450.43
2024-07,5,116,191132.27,564,20.57,1647.69
2024-07,6,108,148230.04,564,19.15,1372.5
2024-07,7,100,151781.97,564,17.73,1517.82
2024-07,8,75,114727.47,564,13.3,1529.7
2024-07,9,77,129469.3,564,13.65,1681.42
2024-07,10,68,89058.26,564,12.06,1309.68
2024-07,11,43,74901.29,564,7.62,1741.89
2024-07,12,29,34863.71,564,5.14,1202.2
2024-07,13,31,40184.03,564,5.5,1296.26
2024-07,14,33,37561.93,564,5.85,1138.24
2024-07,15,25,28456.89,564,4.43,1138.28
2024-07,16,19,27618.97,564,3.37,1453.63
2024-07,17,23,31694.47,564,4.08,1378.02
2024-08,0,517,666582.71,517,100.0,1289.33
2024-08,1,215,326989.28,517,41.59,1520.88
2024-08,2,196,283311.63,517,37.91,1445.47
2024-08,3,159,249584.42,517,30.75,1569.71
2024-08,4,133,201716.09,517,25.73,1516.66
2024-08,5,79,151451.58,517,15.28,1917.11
2024-08,6,112,179465.6,517,21.66,1602.37
2024-08,7,89,165149.39,517,17.21,1855.61
2024-08,8,83,125787.8,517,16.05,1515.52
2024-08,9,72,99220.34,517,13.93,1378.06
2024-08,10,65,132326.07,517,12.57,2035.79
2024-08,11,43,59882.34,517,8.32,1392.61
2024-08,12,31,42080.57,517,6.0,1357.44
2024-08,13,42,67278.81,517,8.12,1601.88
2024-08,14,33,57346.54,517,6.38,1737.77
2024-08,15,34,44490.93,517,6.58,1308.56
2024-08,16,16,32630.43,517,3.09,2039.4
2024-09,0,529,725807.19,529,100.0,1372.04
2024-09,1,220,330821.15,529,41.59,1503.73
2024-09,2,190,273219.3,529,35.92,1438.0
2024-09,3,166,239817.23,529,31.38,1444.68
2024-09,4,136,182556.66,529,25.71,1342.33
2024-09,5,123,183335.31,529,23.25,1490.53
2024-09,6,89,153459.94,529,16.82,1724.27
2024-09,7,88,133935.47,529,16.64,1521.99
2024-09,8,80,99900.09,529,15.12,1248.75
2024-09,9,77,112155.89,529,14.56,1456.57
2024-09,10,52,86140.23,529,9.83,1656.54
2024-09,11,44,59660.17,529,8.32,1355.91
2024-09,12,44,84821.69,529,8.32,1927.77
2024-09,13,32,43781.12,529,6.05,1368.16
2024-09,14,38,52827.96,529,7.18,1390.21
2024-09,15,31,59665.16,529,5.86,1924.68
2024-10,0,488,701672.71,488,100.0,1437.85
2024-10,1,201,342795.94,488,41.19,1705.45
2024-10,2,178,264835.27,488,36.48,1487.84
2024-10,3,154,252840.8,488,31.56,1641.82
2024-10,4,120,187439.02,488,24.59,1561.99
2024-10,5,110,154023.83,488,22.54,1400.22
2024-10,6,89,136205.33,488,18.24,1530.4
2024-10,7,81,156179.28,488,16.6,1928.14
2024-10,8,74,113981.02,488,15.16,1540.28
2024-10,9,44,66955.47,488,9.02,1521.72
2024-10,10,49,67718.98,488,10.04,1382.02
2024-10,11,49,91658.22,488,10.04,1870.58
2024-10,12,43,69856.79,488,8.81,1624.58
2024-10,13,25,54138.95,488,5.12,2165.56
2024-10,14,37,60823.58,488,7.58,1643.88
2024-11,0,484,648377.65,484,100.0,1339.62
2024-11,1,201,295476.54,484,41.53,1470.03
2024-11,2,167,274529.7,484,34.5,1643.89
2024-11,3,154,230938.82,484,31.82,1499.6
2024-11,4,114,183940.76,484,23.55,1613.52
2024-11,5,122,223171.81,484,25.21,1829.28
2024-11,6,101,168230.3,484,20.87,1665.65
2024-11,7,71,119343.93,484,14.67,1680.9
2024-11,8,83,115517.03,484,17.15,1391.77
2024-11,9,60,90540.56,484,12.4,1509.01
2024-11,10,47,73109.76,484,9.71,1555.53
2024-11,11,38,69969.71,484,7.85,1841.31
2024-11,12,45,56334.54,484,9.3,1251.88
2024-11,13,28,32714.52,484,5.79,1168.38
2024-12,0,453,677482.57,453,100.0,1495.55
2024-12,1,177,268811.61,453,39.07,1518.71
2024-12,2,139,214846.39,453,30.68,1545.66
2024-12,3,137,205451.78,453,30.24,1499.65
2024-12,4,102,165236.21,453,22.52,1619.96
2024-12,5,102,182141.09,453,22.52,1785.7
2024-12,6,85,124761.24,453,18.76,1467.78
2024-12,7,71,111597.07,453,15.67,1571.79
2024-12,8,48,87596.69,453,10.6,1824.93
2024-12,9,47,74595.82,453,10.38,1587.15
2024-12,10,50,74272.11,453,11.04,1485.44
2024-12,11,49,71340.18,453,10.82,1455.92
2024-12,12,31,58492.68,453,6.84,1886.86
2025-01,0,444,583266.22,444,100.0,1313.66
2025-01,1,186,277366.01,444,41.89,1491.22
2025-01,2,140,208649.37,444,31.53,1490.35
2025-01,3,122,161029.29,444,27.48,1319.91
2025-01,4,112,184525.02,444,25.23,1647.54
2025-01,5,113,168517.1,444,25.45,1491.3
2025-01,6,75,114711.97,444,16.89,1529.49
2025-01,7,85,148759.66,444,19.14,1750.11
2025-01,8,64,100715.92,444,14.41,1573.69
2025-01,9,55,66031.17,444,12.39,1200.57
2025-01,10,46,67216.16,444,10.36,1461.22
2025-01,11,33,50140.06,444,7.43,1519.4
2025-02,0,450,580958.61,450,100.0,1291.02
2025-02,1,179,245516.05,450,39.78,1371.6
2025-02,2,132,200565.61,450,29.33,1519.44
2025-02,3,142,191562.51,450,31.56,1349.03
2025-02,4,117,211609.24,450,26.0,1808.63
2025-02,5,106,160326.43,450,23.56,1512.51
2025-02,6,85,100021.31,450,18.89,1176.72
2025-02,7,78,114316.16,450,17.33,1465.59
2025-02,8,65,84447.83,450,14.44,1299.2
2025-02,9,51,69310.02,450,11.33,1359.02
2025-02,10,48,80507.05,450,10.67,1677.23
2025-03,0,413,550354.44,413,100.0,1332.58
2025-03,1,167,258141.06,413,40.44,1545.75
2025-03,2,144,274243.7,413,34.87,1904.47
2025-03,3,136,221411.27,413,32.93,1628.02
2025-03,4,88,136502.52,413,21.31,1551.17
2025-03,5,92,126896.66,413,22.28,1379.31
2025-03,6,78,102931.95,413,18.89,1319.64
2025-03,7,62,69915.47,413,15.01,1127.67
2025-03,8,60,97851.5,413,14.53,1630.86
2025-03,9,54,103247.89,413,13.08,1912.0
2025-04,0,373,517347.0,373,100.0,1386.99
2025-04,1,163,211809.38,373,43.7,1299.44
2025-04,2,130,245182.35,373,34.85,1886.02
2025-04,3,113,198737.64,373,30.29,1758.74
2025-04,4,80,156813.65,373,21.45,1960.17
2025-04,5,70,99647.62,373,18.77,1423.54
2025-04,6,69,86357.47,373,18.5,1251.56
2025-04,7,60,100010.35,373,16.09,1666.84
2025-04,8,44,54629.89,373,11.8,1241.59
2025-05,0,385,551954.16,385,100.0,1433.65
2025-05,1,165,277780.23,385,42.86,1683.52
2025-05,2,121,180256.12,385,31.43,1489.72
2025-05,3,116,203254.54,385,30.13,1752.19
2025-05,4,94,208672.87,385,24.42,2219.92
2025-05,5,90,185277.28,385,23.38,2058.64
2025-05,6,70,94259.42,385,18.18,1346.56
2025-05,7,74,121680.26,385,19.22,1644.33
2025-06,0,337,468681.74,337,100.0,1390.75
2025-06,1,155,229506.52,337,45.99,1480.69
2025-06,2,131,209364.41,337,38.87,1598.2
2025-06,3,122,206766.69,337,36.2,1694.81
2025-06,4,84,154179.48,337,24.93,1835.47
2025-06,5,78,132881.59,337,23.15,1703.61
2025-06,6,76,148248.5,337,22.55,1950.64
2025-07,0,353,431168.72,353,100.0,1221.44
2025-07,1,150,202768.47,353,42.49,1351.79
2025-07,2,150,217380.01,353,42.49,1449.2
2025-07,3,99,172363.79,353,28.05,1741.05
2025-07,4,85,147564.47,353,24.08,1736.05
2025-07,5,89,133558.07,353,25.21,1500.65
2025-08,0,341,495389.46,341,100.0,1452.76
2025-08,1,157,288073.05,341,46.04,1834.86
2025-08,2,115,174391.09,341,33.72,1516.44
2025-08,3,103,184022.38,341,30.21,1786.63
2025-08,4,86,155523.88,341,25.22,1808.42
2025-09,0,289,439246.15,289,100.0,1519.88
2025-09,1,104,167151.23,289,35.99,1607.22
2025-09,2,96,134846.62,289,33.22,1404.65
2025-09,3,91,154336.45,289,31.49,1696.0
2025-10,0,313,433475.02,313,100.0,1384.9
2025-10,1,143,206269.94,313,45.69,1442.45
2025-10,2,98,153552.43,313,31.31,1566.86
2025-11,0,264,391324.93,264,100.0,1482.29
2025-11,1,111,174535.43,264,42.05,1572.39
2025-12,0,249,328617.42,249,100.0,1319.75
