merchant_id,merchant_name,merchant_category,merchant_region,chiffre_affaires,nb_transactions,nb_clients_uniques,montant_moyen,commission_totale,nb_transactions_suspectes,taux_transactions_suspectes_pct,rang_categorie,rang_region,ca_jeune,ca_adulte,ca_age_moyen,ca_senior,ca_age_inconnu
M00225,TechStore 225,Electronics,Grand Est,592105.25,383,351,1545.97,44703.95,18,4.7,1,1,80375.88,235610.71,231451.85,25333.28,19333.53
M00258,DigitalHub 258,Electronics,Provence-Alpes-Côte d'Azur,553076.97,355,328,1557.96,10010.69,35,9.86,2,1,84819.52,248701.4,178314.31,24095.08,17146.66
M00559,ElectroWorld 559,Electronics,Ile-de-France,543544.71,253,234,2148.4,25437.89,20,7.91,3,1,80133.73,246870.35,177711.1,17490.83,21338.7
M00112,TechStore 112,Electronics,Provence-Alpes-Côte d'Azur,476067.01,308,287,1545.67,47130.63,15,4.87,4,2,65843.42,215446.32,173276.8,13569.19,7931.28
M00262,GadgetShop 262,Electronics,Provence-Alpes-Côte d'Azur,471950.29,385,350,1225.84,44504.91,21,5.45,5,3,65834.41,181339.06,188268.08,21949.08,14559.66
M00160,AutoCenter 160,Automotive,Ile-de-France,464495.11,360,325,1290.26,29820.59,17,4.72,1,2,51238.29,232677.85,148536.56,17041.45,15000.96
M00243,GadgetShop 243,Electronics,Pays de la Loire,451582.73,290,268,1557.18,21992.08,13,4.48,6,1,67064.21,179610.64,176834.14,12854.14,15219.6
M00525,AutoShop 525,Automotive,Bretagne,451290.72,393,362,1148.32,39668.45,16,4.07,2,1,83844.19,199533.23,142593.47,10728.42,14591.41
M00315,TechStore 315,Electronics,Occitanie,444903.1,313,289,1421.42,40219.24,16,5.11,7,1,53956.9,180413.89,173792.36,29525.17,7214.78
M00166,TechStore 166,Electronics,Ile-de-France,442091.83,381,353,1160.35,22237.22,16,4.2,8,3,94623.59,160343.13,149947.43,23236.68,13941.0
M00158,ElectroWorld 158,Electronics,Nouvelle-Aquitaine,441831.29,287,263,1539.48,5787.99,17,5.92,9,1,47494.97,230261.52,124807.7,22935.89,16331.21
M00463,ElectroWorld 463,Electronics,Auvergne-Rhône-Alpes,423829.94,276,248,1535.62,18902.82,16,5.8,10,1,45358.21,178310.88,173778.45,14490.12,11892.28
M00266,ElectroWorld 266,Electronics,Normandie,409816.93,192,180,2134.46,6024.31,17,8.85,11,1,42897.77,164524.08,148400.09,47872.48,6122.51
M00204,DigitalHub 204,Electronics,Auvergne-Rhône-Alpes,401864.08,236,219,1702.81,21740.85,15,6.36,12,2,59306.84,181852.79,133821.52,15939.01,10943.92
M00593,DigitalHub 593,Electronics,Nouvelle-Aquitaine,399506.68,249,240,1604.44,11745.5,12,4.82,13,2,47110.81,181198.12,142824.57,14913.65,13459.53
M00389,,Inconnu,Inconnu,392274.54,268,256,1463.71,0.0,13,4.85,1,1,39918.87,144104.49,145249.13,55225.41,7776.64
M00033,DigitalHub 33,Electronics,Inconnu,386893.79,296,277,1307.07,27662.91,10,3.38,14,2,54076.26,150958.16,149622.31,19651.7,12585.36
M00471,AutoShop 471,Automotive,Auvergne-Rhône-Alpes,381669.16,372,350,1025.99,13053.09,11,2.96,3,3,52210.54,155041.06,152343.23,12605.85,9468.48
M00433,AutoShop 433,Automotive,Grand Est,379949.27,400,360,949.87,5243.3,13,3.25,4,2,65584.93,165168.75,119458.22,17778.19,11959.18
M00592,ElectroWorld 592,Electronics,Bretagne,377287.14,193,182,1954.86,5244.29,13,6.74,15,2,38528.56,195893.17,122271.0,12702.48,7891.93
M00197,TechStore 197,Electronics,Ile-de-France,376116.99,255,241,1474.97,18316.9,7,2.75,16,4,41768.72,178977.89,127307.91,12923.05,15139.42
M00529,GadgetShop 529,Electronics,Ile-de-France,364721.13,288,273,1266.39,29615.36,11,3.82,17,5,70461.73,133064.9,147031.28,5351.37,8811.85
M00099,AutoCenter 99,Automotive,Ile-de-France,362909.62,326,303,1113.22,24097.2,15,4.6,5,6,39981.24,165430.9,123869.49,24051.98,9576.01
M00507,GadgetShop 507,Electronics,Ile-de-France,362858.26,320,294,1133.93,27903.8,15,4.69,18,7,65726.06,150767.44,128197.38,10316.02,7851.36
M00122,ElectroWorld 122,Electronics,Auvergne-Rhône-Alpes,359914.95,251,233,1433.92,20047.26,16,6.37,19,4,57001.84,155950.68,116401.49,13595.26,16965.68
M00206,DigitalHub 206,Electronics,Ile-de-France,358782.78,237,219,1513.85,16432.25,11,4.64,20,8,40904.33,148106.31,145173.7,11791.66,12806.78
M00339,CarParts 339,Automotive,Bretagne,358271.38,272,256,1317.17,12897.77,11,4.04,6,3,44982.25,129049.23,138237.43,31382.62,14619.85
M00279,MotorHub 279,Automotive,Grand Est,341322.8,270,252,1264.16,11878.03,7,2.59,7,3,39821.99,160880.9,110873.59,16584.28,13162.04
M00413,AutoCenter 413,Automotive,Occitanie,335564.6,286,268,1173.3,9228.03,8,2.8,8,2,50316.41,152348.52,96272.68,24516.37,12110.62
M00329,DigitalHub 329,Electronics,Pays de la Loire,327785.09,229,221,1431.38,25305.01,13,5.68,21,2,40374.75,150775.8,101575.39,26542.43,8516.72
M00054,ElectroWorld 54,Electronics,Nouvelle-Aquitaine,327574.16,229,214,1430.45,3734.35,9,3.93,22,3,66401.15,119150.67,119619.51,11668.74,10734.09
M00165,MotorHub 165,Automotive,Auvergne-Rhône-Alpes,323278.46,283,262,1142.33,30485.16,10,3.53,9,5,49199.46,129301.01,113081.64,23667.8,8028.55
M00317,AutoShop 317,Automotive,Ile-de-France,322341.2,269,246,1198.29,9702.47,9,3.35,10,9,47529.04,132013.56,119831.63,16348.6,6618.37
M00335,AutoShop 335,Automotive,Nouvelle-Aquitaine,321220.89,237,222,1355.36,4432.85,9,3.8,11,4,75008.13,128390.24,99482.87,12429.36,5910.29
M00545,GadgetShop 545,Electronics,Auvergne-Rhône-Alpes,315176.2,271,258,1163.01,23039.38,14,5.17,23,6,73514.09,113588.84,111614.69,13157.73,3300.85
M00575,DigitalHub 575,Electronics,Normandie,314721.44,200,193,1573.61,16208.15,15,7.5,24,2,65829.44,122811.01,101907.21,15408.56,8765.22
M00554,MotorHub 554,Automotive,Auvergne-Rhône-Alpes,313038.96,314,288,996.94,14337.18,4,1.27,12,7,48852.01,138272.47,106797.8,15466.05,3650.63
M00407,MotorHub 407,Automotive,Ile-de-France,311916.1,229,213,1362.08,17748.03,10,4.37,13,10,37179.0,129735.39,116821.49,21678.51,6501.71
M00419,AutoCenter 419,Automotive,Occitanie,307568.75,263,242,1169.46,23282.95,14,5.32,14,3,52247.63,135279.54,93045.73,16193.73,10802.12
M00539,AutoShop 539,Automotive,Ile-de-France,307521.61,216,206,1423.71,15345.33,15,6.94,15,11,34931.6,124766.72,115368.1,18364.5,14090.69
M00083,MotorHub 83,Automotive,Bretagne,307302.42,280,259,1097.51,8297.17,13,4.64,16,4,41509.32,135821.1,108344.77,11988.54,9638.69
M00502,CarParts 502,Automotive,Bretagne,305324.65,223,208,1369.17,16579.13,18,8.07,17,5,36666.67,135650.97,118643.75,5996.69,8366.57
M00297,GadgetShop 297,Electronics,Grand Est,302867.9,188,176,1611.0,3119.54,13,6.91,25,4,44443.55,123275.43,95614.06,23719.69,15815.17
M00041,AutoCenter 41,Automotive,Nouvelle-Aquitaine,302836.59,284,256,1066.33,5178.51,7,2.46,18,5,49875.84,130189.39,95058.64,12233.39,15479.33
M00149,DigitalHub 149,Electronics,Normandie,297984.0,271,251,1099.57,18117.43,8,2.95,26,3,29073.23,154087.68,96284.44,11425.35,7113.3
M00084,ElectroWorld 84,Electronics,Nouvelle-Aquitaine,290611.66,210,201,1383.87,23103.63,7,3.33,27,6,48046.59,123307.74,96180.42,13469.58,9607.33
M00520,TechStore 520,Electronics,Hauts-de-France,282601.38,305,288,926.56,26875.39,14,4.59,28,1,39964.51,129418.81,94556.19,11611.35,7050.52
M00224,MotorHub 224,Automotive,Ile-de-France,280534.73,254,240,1104.47,18122.54,12,4.72,19,12,40666.99,136120.94,86930.88,9568.26,7247.66
M00392,TechStore 392,Electronics,Occitanie,277425.57,178,171,1558.57,25328.95,9,5.06,29,4,62366.52,120322.32,68293.26,19799.66,6643.81
M00298,GadgetShop 298,Electronics,Nouvelle-Aquitaine,276296.64,191,182,1446.58,21551.14,8,4.19,30,7,39999.38,129584.83,89864.3,8912.68,7935.45
M00289,DigitalHub 289,Electronics,Grand Est,270715.75,147,141,1841.6,3167.37,6,4.08,31,5,37196.7,115959.73,100817.79,10994.14,5747.39
M00336,TechStore 336,Electronics,Nouvelle-Aquitaine,267108.7,133,127,2008.34,6437.32,9,6.77,32,8,69911.72,104265.77,82254.85,7517.11,3159.25
M00476,TechStore 476,Electronics,Nouvelle-Aquitaine,266468.2,191,181,1395.12,23315.97,6,3.14,33,9,42124.05,120790.42,76974.62,17674.65,8904.46
M00183,CarParts 183,Automotive,Nouvelle-Aquitaine,263666.2,310,290,850.54,20117.73,4,1.29,20,10,45661.86,114894.37,82027.34,17617.77,3464.86
M00415,CarParts 415,Automotive,Occitanie,258889.62,212,201,1221.18,4168.12,8,3.77,21,5,29719.28,93023.39,123204.6,9188.86,3753.49
M00223,AutoShop 223,Automotive,Ile-de-France,258177.9,252,243,1024.52,21506.22,8,3.17,22,13,38999.97,108577.25,97481.18,10722.29,2397.21
M00277,AutoShop 277,Automotive,Occitanie,256670.51,226,213,1135.71,7674.45,10,4.42,23,6,29300.2,116342.73,86567.4,17355.09,7105.09
M00566,DigitalHub 566,Electronics,Hauts-de-France,254157.89,211,195,1204.54,19620.99,9,4.27,34,2,46222.34,92530.56,81935.2,19635.65,13834.14
M00284,GadgetShop 284,Electronics,Hauts-de-France,250098.0,218,208,1147.24,8653.39,10,4.59,35,3,35085.14,120168.32,78106.18,8489.42,8248.94
M00216,AutoShop 216,Automotive,Ile-de-France,248270.04,263,245,943.99,23734.62,9,3.42,24,14,24853.93,143026.51,59480.03,9110.11,11799.46
M00390,,Inconnu,Inconnu,245265.23,296,281,828.6,0.0,5,1.69,2,3,34350.64,113365.18,76362.57,9613.0,11573.84
M00374,DecorShop 374,Home & Garden,Auvergne-Rhône-Alpes,244255.66,373,343,654.84,16560.53,12,3.22,1,8,39834.42,102378.44,81373.19,15387.87,5281.74
M00231,GadgetShop 231,Electronics,Bretagne,241186.7,168,159,1435.64,19632.6,10,5.95,36,6,55665.24,91262.35,75325.22,8200.35,10733.54
M00441,MotorHub 441,Automotive,Bretagne,236798.51,180,176,1315.55,8216.91,2,1.11,25,7,34019.81,107664.01,76980.8,9915.09,8218.8
M00042,AutoShop 42,Automotive,Ile-de-France,236580.66,183,172,1292.79,12254.88,6,3.28,26,15,19830.76,109276.38,78819.63,17303.24,11350.65
M00561,DecorShop 561,Home & Garden,Hauts-de-France,232501.85,290,270,801.73,6556.55,14,4.83,2,4,42294.38,101325.63,72436.08,12147.98,4297.78
M00484,DecorShop 484,Home & Garden,Auvergne-Rhône-Alpes,231865.76,404,375,573.93,7048.72,9,2.23,3,9,29566.92,100819.99,74044.73,16467.52,10966.6
M00196,MotorHub 196,Automotive,Auvergne-Rhône-Alpes,229785.61,281,266,817.74,12822.04,8,2.85,27,10,26351.72,96565.15,76244.76,17395.18,13228.8
M00087,GadgetShop 87,Electronics,Nouvelle-Aquitaine,226541.12,149,142,1520.41,6682.96,6,4.03,37,11,16500.72,103156.79,92726.11,10317.39,3840.11
M00442,GardenWorld 442,Home & Garden,Nouvelle-Aquitaine,225611.06,375,342,601.63,6475.04,15,4.0,4,12,40995.22,78754.02,89543.96,10093.87,6223.99
M00557,GadgetShop 557,Electronics,Normandie,224820.9,146,139,1539.87,15063.0,11,7.53,38,4,22785.26,129026.57,65499.31,6047.17,1462.59
M00460,DecorShop 460,Home & Garden,Pays de la Loire,224761.58,333,297,674.96,10294.08,5,1.5,5,3,31557.56,104827.24,70766.85,13774.3,3835.63
M00292,GadgetShop 292,Electronics,Ile-de-France,223779.05,129,126,1734.72,2976.26,10,7.75,39,16,29219.38,100840.92,75511.57,11492.35,6714.83
M00499,,Inconnu,Inconnu,223486.04,168,164,1330.27,0.0,9,5.36,3,4,30830.32,91676.83,83153.92,7668.91,10156.06
M00438,MotorHub 438,Automotive,Hauts-de-France,223404.5,184,172,1214.15,2814.9,6,3.26,28,5,31732.1,100336.06,71328.64,8426.79,11580.91
M00432,MotorHub 432,Automotive,Occitanie,222778.08,237,224,939.99,12030.02,8,3.38,29,7,25896.81,102195.78,77051.01,11821.87,5812.61
M00291,TechStore 291,Electronics,Occitanie,219942.21,194,183,1133.72,21400.38,8,4.12,40,8,24635.12,101624.13,84655.53,4130.19,4897.24
M00191,MotorHub 191,Automotive,Ile-de-France,219528.67,180,177,1219.6,13018.05,5,2.78,30,17,33095.11,92065.21,75065.56,11641.24,7661.55
M00398,CarParts 398,Automotive,Bretagne,218698.57,201,190,1088.05,18764.34,3,1.49,31,8,41373.02,91620.86,67631.47,9675.89,8397.33
M00217,TechStore 217,Electronics,Auvergne-Rhône-Alpes,218020.66,149,140,1463.23,17899.5,9,6.04,41,11,32354.07,100169.15,67439.89,9681.16,8376.39
M00102,HomeStyle 102,Home & Garden,Ile-de-France,216282.51,476,427,454.38,17086.32,10,2.1,6,18,29415.32,88330.86,81343.48,12570.75,4622.1
M00244,AutoCenter 244,Automotive,Grand Est,215288.49,273,251,788.6,6135.72,11,4.03,32,6,35699.19,85592.01,78142.67,7710.09,8144.53
M00114,AutoCenter 114,Automotive,Pays de la Loire,214256.17,174,167,1231.36,2849.61,9,5.17,33,4,31215.58,100598.95,69547.59,5069.65,7824.4
M00094,HomeStyle 94,Home & Garden,Hauts-de-France,214045.85,365,339,586.43,8347.79,2,0.55,7,6,33915.78,92144.72,73452.77,10388.49,4144.09
M00199,GadgetShop 199,Electronics,Pays de la Loire,212355.94,152,143,1397.08,11934.4,10,6.58,42,5,28303.02,99566.33,74747.73,8986.3,752.56
M00264,DecorShop 264,Home & Garden,Normandie,209978.06,364,336,576.86,12577.69,12,3.3,8,5,24553.63,112007.95,63484.58,5476.26,4455.64
M00584,GadgetShop 584,Electronics,Bretagne,209043.49,146,140,1431.8,2529.43,5,3.42,43,9,29382.27,76676.14,80282.8,19103.25,3599.03
M00444,AutoCenter 444,Automotive,Auvergne-Rhône-Alpes,208517.55,284,272,734.22,10863.76,8,2.82,34,12,31694.56,89621.84,75486.23,7501.98,4212.94
M00247,GadgetShop 247,Electronics,Grand Est,206047.63,145,141,1421.02,7191.06,6,4.14,44,7,33213.92,89722.18,78901.93,4101.38,108.22
M00069,DecorShop 69,Home & Garden,Pays de la Loire,205491.62,452,406,454.63,12288.4,13,2.88,9,6,29337.11,89435.99,65721.09,11755.57,9241.86
M00351,GadgetShop 351,Electronics,Ile-de-France,203699.1,156,149,1305.76,12568.23,10,6.41,45,19,36847.25,108143.14,50572.01,7658.36,478.34
M00038,,Inconnu,Inconnu,197516.52,157,147,1258.07,0.0,6,3.82,4,5,30750.98,89750.88,69450.61,3404.53,4159.52
M00448,GadgetShop 448,Electronics,Pays de la Loire,197411.04,134,127,1473.22,12121.04,8,5.97,46,7,29151.03,76074.61,75225.53,6312.21,10647.66
M00456,AutoShop 456,Automotive,Nouvelle-Aquitaine,197085.2,221,208,891.79,3192.78,9,4.07,35,13,43813.62,84754.81,60955.36,3287.62,4273.79
M00531,GadgetShop 531,Electronics,Occitanie,194388.95,182,173,1068.07,16542.5,10,5.49,47,9,19996.86,65737.05,73560.79,11206.65,23887.6
M00519,CarParts 519,Automotive,Occitanie,194335.82,170,160,1143.15,6821.19,6,3.53,36,10,30281.22,99710.31,48739.17,8589.55,7015.57
M00251,CarParts 251,Automotive,Auvergne-Rhône-Alpes,193729.31,237,224,817.42,13212.34,5,2.11,37,13,29210.63,96589.9,59457.59,4992.62,3478.57
M00006,HomeStyle 6,Home & Garden,Grand Est,193564.02,391,359,495.05,14536.66,8,2.05,10,8,34475.67,79571.93,65481.88,8775.08,5259.46
M00388,HomeCenter 388,Home & Garden,Provence-Alpes-Côte d'Azur,189936.97,333,307,570.38,17588.16,8,2.4,11,4,24527.34,78789.11,62491.25,13490.72,10638.55
M00420,HomeStyle 420,Home & Garden,Hauts-de-France,187534.48,286,267,655.71,17384.45,10,3.5,12,7,28703.53,93673.03,53862.89,8813.06,2481.97
M00352,HomeStyle 352,Home & Garden,Hauts-de-France,186919.93,232,212,805.69,2672.95,12,5.17,13,8,38709.3,57563.03,74062.36,12827.37,3757.87
M00168,TechStore 168,Electronics,Ile-de-France,184909.85,115,112,1607.91,3365.36,4,3.48,48,20,16848.79,95812.58,65009.12,5235.28,2004.08
M00466,TechStore 466,Electronics,Nouvelle-Aquitaine,184879.48,88,86,2100.9,7561.57,9,10.23,49,14,26375.07,80569.22,54762.39,15251.69,7921.11
M00195,SportHub 195,Sports,Hauts-de-France,183779.96,419,373,438.62,8086.32,11,2.63,1,9,21404.27,79560.42,66949.32,8114.57,7751.38
M00572,DecorShop 572,Home & Garden,Hauts-de-France,181303.45,286,270,633.93,7360.92,11,3.85,14,10,48246.45,66288.32,55974.65,9321.82,1472.21
M00556,ElectroWorld 556,Electronics,Normandie,180898.81,138,130,1310.86,3690.34,8,5.8,50,6,18097.4,76932.85,75379.87,4702.67,5786.02
M00337,DecorShop 337,Home & Garden,Nouvelle-Aquitaine,180755.9,359,333,503.5,13484.39,6,1.67,15,15,36662.27,69998.73,63895.82,6978.47,3220.61
M00170,ElectroWorld 170,Electronics,Ile-de-France,180433.49,134,132,1346.52,13189.69,6,4.48,51,21,31850.72,77214.02,52221.32,15027.84,4119.59
M00505,MotorHub 505,Automotive,Ile-de-France,179460.87,284,260,631.9,16797.54,4,1.41,38,22,18989.12,75629.79,69585.74,10181.92,5074.3
M00587,AutoCenter 587,Automotive,Auvergne-Rhône-Alpes,176129.14,172,169,1024.01,1796.52,4,2.33,39,14,25694.88,74752.08,58216.95,13606.06,3859.17
M00068,GadgetShop 68,Electronics,Occitanie,175408.75,136,129,1289.77,5911.27,3,2.21,52,11,23761.71,56260.0,73059.12,12527.16,9800.76
M00143,MotorHub 143,Automotive,Nouvelle-Aquitaine,175368.32,232,220,755.9,9276.98,2,0.86,40,16,31175.63,81172.18,51075.1,7687.23,4258.18
M00167,GadgetShop 167,Electronics,Pays de la Loire,174054.7,169,159,1029.91,9816.69,7,4.14,53,8,16435.55,74141.41,68598.62,5544.54,9334.58
M00151,DecorShop 151,Home & Garden,Ile-de-France,172529.64,347,314,497.2,3157.29,6,1.73,16,23,28409.19,84697.12,52988.31,2355.8,4079.22
M00198,ActiveWear 198,Sports,Bretagne,171997.34,463,422,371.48,11575.42,11,2.38,2,10,25975.51,70357.29,63021.78,7151.83,5490.93
M00282,CarParts 282,Automotive,Occitanie,170751.27,134,128,1274.26,3705.3,4,2.99,41,12,25323.38,78243.07,53684.7,4349.42,9150.7
M00488,DecorShop 488,Home & Garden,Nouvelle-Aquitaine,170001.97,408,373,416.67,11594.13,6,1.47,17,17,24873.8,76651.71,55905.82,9878.22,2692.42
M00500,HomeStyle 500,Home & Garden,Ile-de-France,169388.37,295,276,574.2,8333.91,8,2.71,18,24,32563.09,56778.94,65888.86,7379.5,6777.98
M00459,TechStore 459,Electronics,Pays de la Loire,166673.62,110,105,1515.21,2400.1,5,4.55,54,9,23545.59,77802.92,49706.73,5240.22,10378.16
M00544,AutoCenter 544,Automotive,Occitanie,165111.1,209,197,790.01,4656.13,4,1.91,42,13,25894.48,78096.08,49997.52,5091.36,6031.66
M00508,CarParts 508,Automotive,Auvergne-Rhône-Alpes,163718.52,158,151,1036.19,3159.77,4,2.53,43,15,15098.76,84879.51,53912.77,6897.58,2929.9
M00368,SportHub 368,Sports,Auvergne-Rhône-Alpes,162250.3,432,396,375.58,8891.32,12,2.78,3,16,20371.37,72049.99,60311.47,4232.36,5285.11
M00255,AutoCenter 255,Automotive,Normandie,161429.28,152,146,1062.03,3825.87,7,4.61,44,7,23025.03,68492.79,54743.32,8825.69,6342.45
M00345,GadgetShop 345,Electronics,Normandie,160993.35,175,170,919.96,5763.56,3,1.71,55,8,19551.95,72617.62,53612.35,8632.99,6578.44
M00597,DecorShop 597,Home & Garden,Provence-Alpes-Côte d'Azur,159946.29,277,253,577.42,11004.3,8,2.89,19,5,33482.36,64113.5,46429.34,12464.54,3456.55
M00513,HomeStyle 513,Home & Garden,Ile-de-France,157015.21,329,300,477.25,5950.88,6,1.82,20,25,26779.69,77623.75,37392.5,12125.67,3093.6
M00446,DecorShop 446,Home & Garden,Normandie,155973.89,343,320,454.73,8406.99,8,2.33,21,9,26456.16,61471.97,57239.45,7339.79,3466.52
M00233,CarParts 233,Automotive,Auvergne-Rhône-Alpes,155110.19,132,123,1175.08,2636.87,9,6.82,45,17,28206.85,46292.42,70973.36,4212.07,5425.49
M00393,SportHub 393,Sports,Ile-de-France,152910.76,353,323,433.17,15138.17,9,2.55,4,26,16690.25,59066.45,65245.62,8652.54,3255.9
M00596,HomeCenter 596,Home & Garden,Normandie,152336.49,233,220,653.8,2300.28,8,3.43,22,10,23017.66,76292.05,42700.14,7203.11,3123.53
M00310,GardenWorld 310,Home & Garden,Occitanie,151497.72,333,315,454.95,12241.02,9,2.7,23,14,22622.58,65988.62,54050.56,5249.42,3586.54
M00082,ActiveWear 82,Sports,Normandie,150266.99,459,424,327.38,5499.77,8,1.74,5,11,17747.68,65730.2,53410.8,7254.34,6123.97
M00357,GadgetShop 357,Electronics,Hauts-de-France,150062.86,133,126,1128.29,12560.26,3,2.26,56,11,35655.45,47171.09,57196.2,7304.67,2735.45
M00395,HomeCenter 395,Home & Garden,Auvergne-Rhône-Alpes,148904.81,233,216,639.08,2352.7,4,1.72,24,18,19213.06,59479.33,61262.91,4318.88,4630.63
M00035,ActiveWear 35,Sports,Hauts-de-France,148368.74,415,374,357.52,4243.35,4,0.96,6,12,16716.05,69498.21,49638.41,8829.89,3686.18
M00385,ElectroWorld 385,Electronics,Auvergne-Rhône-Alpes,147534.44,164,156,899.6,14709.18,6,3.66,57,19,19846.4,64890.13,51061.42,3659.6,8076.89
M00458,DecorShop 458,Home & Garden,Normandie,145856.04,260,247,560.98,11260.09,10,3.85,25,12,21830.27,56499.06,54252.5,7273.52,6000.69
M00537,GardenWorld 537,Home & Garden,Bretagne,144666.46,265,239,545.91,11226.12,8,3.02,26,11,13609.97,71411.52,49386.15,5284.88,4973.94
M00360,GardenWorld 360,Home & Garden,Provence-Alpes-Côte d'Azur,144151.03,230,210,626.74,8533.74,7,3.04,27,6,23985.46,65422.13,42419.13,6070.21,6254.1
M00370,MotorHub 370,Automotive,Ile-de-France,143674.38,146,138,984.07,7471.07,5,3.42,46,27,24431.17,63754.15,44396.45,7612.53,3480.08
M00275,FitnessShop 275,Sports,Provence-Alpes-Côte d'Azur,143376.8,362,333,396.07,14065.26,7,1.93,7,7,21040.78,68446.13,45742.1,5208.53,2939.26
M00028,FitnessShop 28,Sports,Hauts-de-France,142939.2,355,326,402.65,7518.6,6,1.69,8,13,18457.77,56882.66,52732.41,10714.91,4151.45
M00510,MotorHub 510,Automotive,Bretagne,142464.18,153,148,931.14,9701.81,7,4.58,47,12,19985.68,65590.23,46146.46,5289.41,5452.4
M00464,HomeCenter 464,Home & Garden,Provence-Alpes-Côte d'Azur,142013.86,229,219,620.15,10395.41,6,2.62,28,8,18772.83,59913.9,50298.48,6468.37,6560.28
M00472,GardenWorld 472,Home & Garden,Auvergne-Rhône-Alpes,141922.45,237,226,598.83,13369.09,4,1.69,29,20,20878.82,47902.89,41959.57,6807.88,24373.29
M00526,CarParts 526,Automotive,Nouvelle-Aquitaine,141498.17,156,143,907.04,2688.47,5,3.21,48,18,19623.08,71003.41,38878.29,8434.81,3558.58
M00478,GadgetShop 478,Electronics,Bretagne,140651.47,109,107,1290.38,11589.68,7,6.42,58,13,14403.31,59514.5,61020.55,5713.11,0.0
M00220,SportHub 220,Sports,Provence-Alpes-Côte d'Azur,140545.89,315,287,446.18,9051.16,12,3.81,9,9,20416.15,47593.69,60595.69,6687.62,5252.74
M00273,,Inconnu,Inconnu,135488.77,172,167,787.73,0.0,2,1.16,5,6,18377.14,54466.93,48608.04,10722.73,3313.93
M00564,DecorShop 564,Home & Garden,Occitanie,135374.56,330,305,410.23,5929.41,9,2.73,30,15,25069.85,45919.45,46841.52,6064.65,11479.09
M00387,AutoCenter 387,Automotive,Pays de la Loire,134968.26,165,161,817.99,8300.55,4,2.42,49,10,27787.32,49509.44,45194.02,11443.2,1034.28
M00436,GardenWorld 436,Home & Garden,Hauts-de-France,134748.54,250,236,538.99,7114.72,4,1.6,31,14,13779.43,63418.98,46694.63,6129.2,4726.3
M00072,TechStore 72,Electronics,Pays de la Loire,134380.13,112,109,1199.82,12564.54,5,4.46,59,11,26375.39,46327.36,57915.1,3034.11,728.17
M00555,DigitalHub 555,Electronics,Normandie,133950.1,114,109,1175.0,2330.73,5,4.39,60,13,22406.9,56694.27,47632.06,3468.09,3748.78
M00059,AutoCenter 59,Automotive,Bretagne,133687.21,174,168,768.32,5628.23,5,2.87,50,14,22320.91,61907.91,43346.89,3274.68,2836.82
M00522,GardenWorld 522,Home & Garden,Auvergne-Rhône-Alpes,133094.72,355,320,374.91,2701.82,10,2.82,32,21,15747.19,56308.64,50623.95,6756.17,3658.77
M00036,SportHub 36,Sports,Hauts-de-France,132917.28,288,265,461.52,9450.42,12,4.17,10,15,20310.7,59166.99,44000.89,3748.11,5690.59
M00283,HomeCenter 283,Home & Garden,Auvergne-Rhône-Alpes,131899.19,254,244,519.29,9312.08,7,2.76,33,22,28218.01,53572.63,40043.18,7263.2,2802.17
M00549,ActiveWear 549,Sports,Occitanie,131492.89,288,270,456.57,10690.37,3,1.04,11,16,18737.11,51550.47,49809.47,7981.2,3414.64
M00018,CarParts 18,Automotive,Ile-de-France,129754.72,149,143,870.84,11600.07,4,2.68,51,28,14221.54,59561.37,44799.04,9311.88,1860.89
M00229,GadgetShop 229,Electronics,Provence-Alpes-Côte d'Azur,129463.45,105,102,1232.99,10525.38,4,3.81,61,10,34551.97,40205.82,45669.19,3736.11,5300.36
M00008,SportHub 8,Sports,Pays de la Loire,126360.23,353,330,357.96,5458.76,5,1.42,12,12,18282.92,46969.77,50147.9,7512.8,3446.84
M00406,HomeStyle 406,Home & Garden,Provence-Alpes-Côte d'Azur,125160.86,250,234,500.64,3291.73,3,1.2,34,11,18091.76,36807.86,57893.97,8419.33,3947.94
M00428,HomeCenter 428,Home & Garden,Nouvelle-Aquitaine,124722.49,274,258,455.19,6061.51,8,2.92,35,19,27757.47,44975.44,44752.18,5083.25,2154.15
M00295,AutoCenter 295,Automotive,Nouvelle-Aquitaine,123685.99,185,179,668.57,2127.4,8,4.32,52,20,17818.26,52457.89,34858.98,14277.11,4273.75
M00382,AutoShop 382,Automotive,Nouvelle-Aquitaine,122936.49,199,190,617.77,4782.23,8,4.02,53,21,18918.32,47712.06,37859.01,14131.85,4315.25
M00270,FashionStore 270,Clothing,Ile-de-France,118785.76,489,431,242.92,9098.99,9,1.84,1,29,25656.82,44722.62,38390.86,7234.32,2781.14
M00383,ActiveWear 383,Sports,Ile-de-France,118485.01,331,300,357.96,8625.71,6,1.81,13,30,18643.65,52288.04,38274.77,5511.92,3766.63
M00429,HomeCenter 429,Home & Garden,Grand Est,118095.59,285,274,414.37,3212.2,7,2.46,36,9,17578.84,39062.61,45700.5,11848.56,3905.08
M00121,,Inconnu,Inconnu,117754.92,209,198,563.42,0.0,4,1.91,6,7,15259.42,52484.25,38530.41,3641.63,7839.21
M00583,ActiveWear 583,Sports,Bretagne,117327.07,357,322,328.65,4258.97,6,1.68,14,15,17629.79,51056.85,40021.64,3091.51,5527.28
M00064,HomeCenter 64,Home & Garden,Nouvelle-Aquitaine,115624.21,210,201,550.59,2474.36,4,1.9,37,22,18878.7,55448.09,32563.58,6810.7,1923.14
M00181,,Inconnu,Inconnu,114716.87,332,304,345.53,0.0,2,0.6,7,8,22157.5,50197.91,33935.47,5434.29,2991.7
M00473,DecorShop 473,Home & Garden,Hauts-de-France,113603.91,204,194,556.88,10803.73,6,2.94,38,16,15758.23,52383.51,38811.56,4757.65,1892.96
M00362,FitnessShop 362,Sports,Pays de la Loire,112422.08,274,255,410.3,1472.73,7,2.55,15,13,17050.9,46018.61,43262.0,2946.17,3144.4
M00307,SportZone 307,Sports,Bretagne,111359.69,348,327,320.0,10389.86,4,1.15,16,16,11935.98,42166.16,43994.23,7411.47,5851.85
M00071,GardenWorld 71,Home & Garden,Grand Est,110587.6,190,181,582.04,3527.74,4,2.11,39,10,20562.59,48843.72,34563.86,4263.76,2353.67
M00125,HomeStyle 125,Home & Garden,Hauts-de-France,109807.3,180,169,610.04,6423.73,7,3.89,40,17,7974.13,46404.45,46920.17,4625.23,3883.32
M00417,SportHub 417,Sports,Bretagne,109373.02,298,282,367.02,2121.84,2,0.67,17,17,11857.73,47806.59,36981.22,8426.42,4301.06
M00309,GardenWorld 309,Home & Garden,Nouvelle-Aquitaine,108453.78,219,208,495.22,10520.02,3,1.37,41,23,18795.8,44020.29,35282.3,7645.48,2709.91
M00461,SportHub 461,Sports,Ile-de-France,107656.72,288,270,373.81,4424.69,2,0.69,18,31,9103.96,47420.3,43250.95,5601.22,2280.29
M00133,DecorShop 133,Home & Garden,Ile-de-France,107375.76,233,224,460.84,1148.92,3,1.29,42,32,14065.86,43249.09,41065.0,6296.59,2699.22
M00192,ClothingHub 192,Clothing,Provence-Alpes-Côte d'Azur,104276.15,401,362,260.04,8175.25,9,2.24,2,12,15470.02,55307.77,24797.39,6787.05,1913.92
M00004,CarParts 4,Automotive,Ile-de-France,103937.1,135,132,769.9,9375.13,3,2.22,54,33,17666.19,40773.03,24577.32,11432.59,9487.97
M00367,DigitalHub 367,Electronics,Bretagne,103868.28,94,90,1104.98,2388.97,1,1.06,62,18,13521.89,51401.0,32853.08,2735.59,3356.72
M00451,SportZone 451,Sports,Normandie,102994.15,246,224,418.68,2945.63,6,2.44,19,14,12925.58,44984.51,38232.4,3839.83,3011.83
M00048,ActiveWear 48,Sports,Inconnu,102878.2,212,198,485.27,3621.31,5,2.36,20,9,17006.84,49884.23,28713.72,6183.04,1090.37
M00365,FitnessShop 365,Sports,Grand Est,102137.23,253,241,403.7,1297.14,2,0.79,21,11,18045.49,32648.34,44187.16,2663.37,4592.87
M00092,SportHub 92,Sports,Ile-de-France,101556.21,316,294,321.38,9932.2,4,1.27,22,34,12762.29,41348.72,37883.48,6316.24,3245.48
M00013,ClothingHub 13,Clothing,Bretagne,101046.85,371,335,272.36,5769.78,6,1.62,3,19,13312.11,46924.76,35776.14,3015.81,2018.03
M00411,SportZone 411,Sports,Grand Est,97942.06,217,206,451.35,3153.73,4,1.84,23,12,14569.57,38878.19,34742.84,8090.52,1660.94
M00480,ClothingHub 480,Clothing,Occitanie,97811.22,439,396,222.8,7061.97,4,0.91,4,17,13918.73,39425.57,34404.34,7827.53,2235.05
M00057,SportZone 57,Sports,Auvergne-Rhône-Alpes,96996.38,350,327,277.13,2851.69,5,1.43,24,23,12915.59,38651.16,35341.05,4743.59,5344.99
M00127,SportZone 127,Sports,Auvergne-Rhône-Alpes,96886.1,214,201,452.74,3575.1,1,0.47,25,24,11119.92,37718.38,31132.24,6351.8,10563.76
M00101,AutoCenter 101,Automotive,Nouvelle-Aquitaine,96765.25,131,126,738.67,5757.53,4,3.05,55,24,16808.57,39368.94,35138.46,5427.97,21.31
M00541,HomeStyle 541,Home & Garden,Normandie,95286.25,171,165,557.23,1810.44,7,4.09,43,15,13835.69,33827.36,35203.75,9277.79,3141.66
M00469,SportZone 469,Sports,Ile-de-France,93024.65,275,256,338.27,6093.11,5,1.82,26,35,10944.01,40862.41,30479.92,5456.83,5281.48
M00598,TrendyWear 598,Clothing,Hauts-de-France,92306.31,323,298,285.78,1172.29,6,1.86,5,18,14186.91,42427.52,30332.85,3533.34,1825.69
M00066,ClothingHub 66,Clothing,Hauts-de-France,89546.82,381,348,235.03,6223.5,5,1.31,6,19,11537.08,40098.68,31797.29,3126.38,2987.39
M00146,SportZone 146,Sports,Nouvelle-Aquitaine,89423.15,299,276,299.07,2942.02,8,2.68,27,25,8966.05,44598.39,29285.24,4330.71,2242.76
M00568,AutoShop 568,Automotive,Pays de la Loire,88352.55,130,127,679.63,3410.41,7,5.38,56,14,14715.87,31912.82,30981.36,8532.39,2210.11
M00327,FitnessShop 327,Sports,Auvergne-Rhône-Alpes,88289.88,257,245,343.54,2639.87,5,1.95,28,25,15288.03,36640.55,29959.79,4323.78,2077.73
M00203,SportHub 203,Sports,Hauts-de-France,87998.63,231,216,380.95,3871.94,5,2.16,29,20,11451.09,38649.06,33545.27,2990.04,1363.17
M00586,FitnessShop 586,Sports,Ile-de-France,87601.92,252,236,347.63,1208.91,7,2.78,30,36,11106.06,29820.76,37360.82,5325.8,3988.48
M00498,SportZone 498,Sports,Provence-Alpes-Côte d'Azur,87474.59,246,231,355.59,6446.88,2,0.81,31,13,14300.08,39203.91,28267.2,2719.23,2984.17
M00377,ClothingHub 377,Clothing,Ile-de-France,85278.77,387,356,220.36,6447.08,7,1.81,7,37,12833.32,41873.7,23266.74,4560.69,2744.32
M00354,ActiveWear 354,Sports,Hauts-de-France,84709.46,225,219,376.49,4540.43,4,1.78,32,21,15811.69,38607.27,23118.9,5112.59,2059.01
M00418,AutoShop 418,Automotive,Grand Est,83964.34,85,81,987.82,7044.61,6,7.06,57,13,14337.33,37078.81,27603.3,2923.28,2021.62
M00571,FitnessShop 571,Sports,Bretagne,83762.18,202,191,414.66,7228.68,4,1.98,33,20,9981.24,28856.4,31838.97,8402.06,4683.51
M00397,ActiveWear 397,Sports,Ile-de-France,82940.29,275,259,301.6,2114.98,5,1.82,34,38,11863.69,33576.84,31528.22,3716.82,2254.72
M00580,StyleShop 580,Clothing,Grand Est,82273.8,422,378,194.96,5191.48,4,0.95,8,14,14170.26,35723.3,26311.0,4616.99,1452.25
M00440,ClothingHub 440,Clothing,Ile-de-France,81781.73,345,325,237.05,4367.14,3,0.87,9,39,14999.87,33796.0,26579.19,4404.19,2002.48
M00182,StyleShop 182,Clothing,Grand Est,81528.82,282,266,289.11,4973.26,5,1.77,10,15,15635.06,35605.46,25475.59,3684.81,1127.9
M00356,SportHub 356,Sports,Normandie,80930.29,156,146,518.78,4159.82,1,0.64,35,16,13973.08,28906.84,30342.36,3984.55,3723.46
M00416,StyleShop 416,Clothing,Bretagne,80904.14,429,380,188.59,6868.76,8,1.86,11,21,9608.87,32233.84,32857.44,4757.81,1446.18
M00236,SportZone 236,Sports,Ile-de-France,79641.48,218,200,365.33,7064.2,8,3.67,36,40,12843.34,31261.3,27526.19,6381.88,1628.77
M00190,MotorHub 190,Automotive,Provence-Alpes-Côte d'Azur,79561.77,157,149,506.76,3731.45,7,4.46,58,14,13205.17,32821.12,28002.33,3566.82,1966.33
M00267,SportZone 267,Sports,Ile-de-France,79096.1,230,218,343.9,5489.27,3,1.3,37,41,12731.0,37000.84,24057.17,3441.0,1866.09
M00375,FitnessShop 375,Sports,Inconnu,78965.69,274,250,288.2,3284.97,3,1.09,38,10,10875.58,31329.38,27632.01,5966.05,3162.67
M00450,TrendyWear 450,Clothing,Pays de la Loire,77053.78,426,395,180.88,2134.39,4,0.94,12,15,11045.31,29816.32,27519.46,5915.12,2757.57
M00074,StyleShop 74,Clothing,Occitanie,75841.86,440,405,172.37,3883.1,10,2.27,13,18,9093.93,33758.53,21356.23,9830.64,1802.53
M00364,FitnessShop 364,Sports,Ile-de-France,75360.92,243,230,310.13,926.94,6,2.47,39,42,13271.42,30686.91,25724.61,3603.94,2074.04
M00497,FitnessShop 497,Sports,Inconnu,74460.03,202,192,368.61,3633.65,4,1.98,40,11,13125.62,28559.01,23098.59,6377.24,3299.57
M00578,HomeCenter 578,Home & Garden,Grand Est,73356.49,155,152,473.27,3961.25,3,1.94,44,16,12028.36,35918.81,22045.6,2689.31,674.41
M00276,StyleShop 276,Clothing,Ile-de-France,72694.46,372,333,195.42,1999.1,7,1.88,14,43,8419.46,36426.08,21815.87,3431.2,2601.85
M00164,TrendyWear 164,Clothing,Provence-Alpes-Côte d'Azur,72552.5,352,322,206.12,1828.32,6,1.7,15,15,9481.5,28771.31,26023.92,6980.72,1295.05
M00049,ActiveWear 49,Sports,Auvergne-Rhône-Alpes,71573.25,256,245,279.58,2440.65,3,1.17,41,26,11312.7,30849.02,23438.95,3150.48,2822.1
M00157,TrendyWear 157,Clothing,Hauts-de-France,70587.71,251,233,281.23,3776.44,7,2.79,16,22,7167.19,34294.2,19786.17,4369.1,4971.05
M00384,StyleShop 384,Clothing,Ile-de-France,70270.32,337,311,208.52,6141.63,5,1.48,17,44,10949.25,27342.96,23813.51,7305.84,858.76
M00558,ClothingHub 558,Clothing,Ile-de-France,68855.2,308,291,223.56,6789.12,3,0.97,18,45,8670.31,33891.05,20173.24,3630.69,2489.91
M00227,FitnessShop 227,Sports,Bretagne,67914.51,234,222,290.23,5990.06,7,2.99,42,22,11311.65,28237.79,20255.42,2981.88,5127.77
M00252,DecorShop 252,Home & Garden,Provence-Alpes-Côte d'Azur,67809.99,145,139,467.66,6401.26,3,2.07,45,16,10126.12,23862.01,23695.26,3337.42,6789.18
M00260,TrendyWear 260,Clothing,Ile-de-France,66974.16,322,293,207.99,3676.88,6,1.86,19,46,12225.21,28763.54,19164.81,4836.88,1983.72
M00078,AutoShop 78,Automotive,Bretagne,66428.23,142,135,467.8,777.21,4,2.82,59,23,9720.19,35978.74,16264.39,3267.44,1197.47
M00423,DecorShop 423,Home & Garden,Pays de la Loire,66210.74,141,133,469.58,794.53,2,1.42,46,16,12749.46,20124.36,22331.51,3686.72,7318.69
M00162,TrendyWear 162,Clothing,Ile-de-France,65960.19,359,334,183.73,3067.15,6,1.67,20,47,10626.12,29096.73,22001.85,2981.94,1253.55
M00465,StyleShop 465,Clothing,Hauts-de-France,64317.58,255,242,252.23,6065.15,1,0.39,21,23,8425.66,28353.87,22402.43,3916.0,1219.62
M00124,WellnessStore 124,Health,Grand Est,62722.63,371,337,169.06,5463.14,6,1.62,1,17,10380.37,25233.99,22375.75,2698.93,2033.59
M00100,StyleShop 100,Clothing,Hauts-de-France,62512.67,279,265,224.06,1319.02,2,0.72,22,24,10126.84,28102.88,18953.77,3303.25,2025.93
M00581,SportZone 581,Sports,Hauts-de-France,62478.08,197,187,317.15,3373.82,3,1.52,43,25,8931.8,25507.66,20184.29,4661.43,3192.9
M00248,ClothingHub 248,Clothing,Auvergne-Rhône-Alpes,59778.18,276,264,216.59,2229.73,3,1.09,23,27,8608.19,27699.58,19241.48,3076.18,1152.75
M00140,TrendyWear 140,Clothing,Nouvelle-Aquitaine,58507.98,289,271,202.45,4159.92,3,1.04,24,26,7107.7,25797.55,21797.16,3066.07,739.5
M00340,SportZone 340,Sports,Ile-de-France,57961.32,236,226,245.6,1698.27,5,2.12,44,48,9424.58,24695.21,16361.92,5505.62,1973.99
M00588,,Inconnu,Inconnu,57217.93,227,215,252.06,0.0,4,1.76,8,12,9138.2,28730.78,15456.93,2973.75,918.27
M00585,StyleShop 585,Clothing,Ile-de-France,56971.89,352,327,161.85,1105.25,6,1.7,25,49,7073.1,24872.28,21459.2,2235.2,1332.11
M00242,FitnessShop 242,Sports,Occitanie,56651.81,137,133,413.52,3807.0,4,2.92,45,19,7666.83,21592.83,21549.44,2697.91,3144.8
M00172,FashionStore 172,Clothing,Hauts-de-France,55915.64,317,289,176.39,1705.43,6,1.89,26,26,8058.8,23675.84,18771.51,3829.96,1579.53
M00175,ClothingHub 175,Clothing,Auvergne-Rhône-Alpes,54444.05,242,230,224.98,4252.08,4,1.65,27,28,7606.31,27016.93,15846.24,2839.98,1134.59
M00137,DecorShop 137,Home & Garden,Bretagne,54288.04,144,138,377.0,2605.83,3,2.08,47,24,10598.25,20276.71,19089.62,3616.05,707.41
M00144,HealthHub 144,Health,Occitanie,53625.5,330,300,162.5,1201.21,7,2.12,2,20,10088.05,19251.6,19656.34,1630.85,2998.66
M00482,SportZone 482,Sports,Nouvelle-Aquitaine,53050.13,203,194,261.33,1278.51,1,0.49,46,27,7358.73,21800.26,19776.37,3276.52,838.25
M00503,ClothingHub 503,Clothing,Occitanie,52121.4,270,254,193.04,4101.95,2,0.74,28,21,5392.88,26964.92,14044.39,3490.8,2228.41
M00237,TrendyWear 237,Clothing,Normandie,51281.71,293,281,175.02,4179.46,5,1.71,29,17,8400.57,23498.18,14727.65,2699.73,1955.58
M00325,StyleShop 325,Clothing,Ile-de-France,51220.88,238,222,215.21,706.85,1,0.42,30,50,9909.09,20067.19,15997.14,3082.89,2164.57
M00361,WellnessStore 361,Health,Grand Est,51143.94,262,245,195.21,4608.07,2,0.76,3,18,8927.56,19450.28,14567.27,6585.54,1613.29
M00594,SportZone 594,Sports,Ile-de-France,50245.79,137,131,366.76,1105.41,0,0.0,47,51,8869.29,21519.1,13196.92,3523.33,3137.15
M00533,ToyLand 533,Toys,Hauts-de-France,49765.78,419,378,118.77,1010.25,5,1.19,1,27,6115.64,21672.25,17710.39,2956.05,1311.45
M00009,VitalShop 9,Health,Nouvelle-Aquitaine,49493.57,305,282,162.27,3103.25,3,0.98,4,28,9633.81,17667.99,15263.08,1552.44,5376.25
M00096,StyleShop 96,Clothing,Nouvelle-Aquitaine,48878.53,292,273,167.39,4022.7,6,2.05,31,29,9014.25,20532.89,15971.43,2558.38,801.58
M00011,FitnessShop 11,Sports,Normandie,47837.48,123,120,388.92,1592.99,2,1.63,48,18,8749.16,16275.77,18639.51,2700.58,1472.46
M00434,ClothingHub 434,Clothing,Ile-de-France,46957.85,201,190,233.62,835.85,5,2.49,32,52,7413.67,20316.8,14958.55,3455.76,813.07
M00020,VitalShop 20,Health,Provence-Alpes-Côte d'Azur,45926.99,261,246,175.97,2512.21,3,1.15,5,17,6706.18,20719.77,13529.11,2731.54,2240.39
M00534,HealthShop 534,Health,Hauts-de-France,45494.09,231,207,196.94,2524.92,4,1.73,6,28,7479.71,18447.38,14370.62,2510.58,2685.8
M00372,ClothingHub 372,Clothing,Ile-de-France,44193.57,261,244,169.32,3221.71,6,2.3,33,53,4563.87,17277.06,17631.36,3506.9,1214.38
M00328,HealthHub 328,Health,Inconnu,44166.03,268,252,164.8,3860.11,2,0.75,7,13,5462.68,17416.12,16589.25,3000.39,1697.59
M00135,CosmeticHub 135,Beauty,Nouvelle-Aquitaine,43978.58,248,233,177.33,2154.95,12,4.84,1,30,6712.7,20910.53,13132.21,2217.9,1005.24
M00565,ClothingHub 565,Clothing,Ile-de-France,43339.72,237,222,182.87,1716.25,4,1.69,34,54,4900.16,21467.9,13575.46,1299.86,2096.34
M00097,ToyLand 97,Toys,Occitanie,43214.01,307,288,140.76,2636.05,8,2.61,2,22,6285.41,18949.51,14932.34,2109.43,937.32
M00142,KidsWorld 142,Toys,Bretagne,43142.15,380,345,113.53,2946.61,9,2.37,3,25,7347.04,20772.25,12046.61,2311.2,665.05
M00278,StyleShop 278,Clothing,Occitanie,42928.85,218,208,196.92,2185.08,4,1.83,35,23,3386.81,17245.18,18129.69,1830.44,2336.73
M00401,FashionStore 401,Clothing,Provence-Alpes-Côte d'Azur,42138.94,290,273,145.31,2570.48,3,1.03,36,18,7000.88,17651.99,14218.42,2321.8,945.85
M00155,FashionStore 155,Clothing,Occitanie,41437.41,206,198,201.15,3580.19,1,0.49,37,24,5354.75,16055.52,15679.67,3287.9,1059.57
M00024,HealthHub 24,Health,Auvergne-Rhône-Alpes,41084.44,207,199,198.48,3578.45,3,1.45,8,29,5949.57,18274.11,14076.22,1936.16,848.38
M00075,HealthHub 75,Health,Ile-de-France,40697.55,180,173,226.1,1908.72,3,1.67,9,55,4811.72,12115.88,7485.84,809.12,15474.99
M00333,ToyHub 333,Toys,Nouvelle-Aquitaine,40247.88,328,308,122.71,2555.74,2,0.61,4,31,7367.15,14413.03,14856.44,2485.07,1126.19
M00095,VitalShop 95,Health,Ile-de-France,39553.99,243,227,162.77,3267.16,4,1.65,10,56,4505.33,16421.65,13783.37,2353.62,2490.02
M00399,BeautyWorld 399,Beauty,Hauts-de-France,39306.78,318,293,123.61,1564.41,11,3.46,2,29,6212.94,19432.04,9500.39,2793.13,1368.28
M00259,ClothingHub 259,Clothing,Ile-de-France,38899.75,251,236,154.98,3835.52,8,3.19,38,57,4791.4,15131.67,13362.17,5351.1,263.41
M00193,ToyLand 193,Toys,Ile-de-France,38884.0,397,358,97.94,742.68,6,1.51,5,58,7036.65,15173.68,12677.07,2424.67,1571.93
M00003,VitalShop 3,Health,Ile-de-France,38693.72,216,199,179.14,669.4,5,2.31,11,59,7617.5,16476.35,10668.85,2197.68,1733.34
M00249,BeautyWorld 249,Beauty,Ile-de-France,38637.01,254,245,152.11,1170.7,4,1.57,3,60,5939.31,15540.52,11796.19,3984.97,1376.02
M00514,WellnessStore 514,Health,Pays de la Loire,38477.5,225,212,171.01,565.62,5,2.22,12,17,5943.12,18460.47,12173.1,1510.06,390.75
M00467,SportZone 467,Sports,Hauts-de-France,38326.88,113,104,339.18,973.5,3,2.65,49,30,7129.89,16892.0,11359.82,1707.24,1237.93
M00230,HealthShop 230,Health,Nouvelle-Aquitaine,38198.83,319,294,119.75,534.78,4,1.25,13,32,6085.64,15218.38,14086.58,1830.53,977.7
M00412,HealthShop 412,Health,Auvergne-Rhône-Alpes,37918.39,276,257,137.39,473.98,2,0.72,14,30,6840.74,15620.03,11792.59,2585.76,1079.27
M00173,PlayShop 173,Toys,Auvergne-Rhône-Alpes,37916.86,351,315,108.03,432.25,8,2.28,6,31,4900.0,17666.7,12554.88,2123.2,672.08
M00359,HealthHub 359,Health,Occitanie,37610.78,164,152,229.33,3569.26,2,1.22,15,25,6524.99,16274.37,12267.9,1748.7,794.82
M00256,VitalShop 256,Health,Auvergne-Rhône-Alpes,37152.95,207,199,179.48,783.93,1,0.48,16,32,5102.22,15666.05,14891.62,963.71,529.35
M00079,StyleShop 79,Clothing,Ile-de-France,37028.45,180,171,205.71,1681.09,2,1.11,39,61,7486.13,17106.95,10780.68,896.55,758.14
M00481,HealthShop 481,Health,Auvergne-Rhône-Alpes,36326.82,234,217,155.24,2001.61,4,1.71,17,33,7258.92,16526.33,9865.3,1798.11,878.16
M00492,CosmeticHub 492,Beauty,Hauts-de-France,36226.79,299,280,121.16,2756.86,4,1.34,4,31,5469.25,13549.71,15083.61,1432.74,691.48
M00046,HealthHub 46,Health,Hauts-de-France,36170.76,255,238,141.85,3074.51,6,2.35,18,32,5358.74,14440.07,12813.39,2579.03,979.53
M00186,GlowShop 186,Beauty,Nouvelle-Aquitaine,36129.85,330,307,109.48,1181.45,4,1.21,5,33,4673.07,15772.84,11944.74,1919.67,1819.53
M00474,BeautyWorld 474,Beauty,Ile-de-France,36051.93,295,272,122.21,2765.18,7,2.37,6,62,7266.41,15808.91,10458.68,1303.1,1214.83
M00240,WellnessStore 240,Health,Nouvelle-Aquitaine,35849.89,270,249,132.78,842.47,6,2.22,19,34,4141.12,15360.66,13377.39,1273.53,1697.19
M00040,CosmeticHub 40,Beauty,Grand Est,35449.54,234,229,151.49,946.5,3,1.28,7,19,7359.83,13853.75,11861.89,1600.2,773.87
M00115,WellnessStore 115,Health,Occitanie,35307.44,261,249,135.28,1518.22,3,1.15,20,26,4313.4,16779.05,10382.74,2481.45,1350.8
M00212,,Inconnu,Inconnu,35292.36,204,190,173.0,0.0,5,2.45,9,14,7883.98,14463.33,10890.27,1768.14,286.64
M00591,ToyLand 591,Toys,Ile-de-France,35037.41,236,217,148.46,3486.22,1,0.42,7,63,3948.46,12151.85,16485.99,1741.74,709.37
M00308,PlayShop 308,Toys,Auvergne-Rhône-Alpes,34009.43,305,287,111.51,2006.56,1,0.33,8,34,5518.26,15004.85,11605.23,1231.59,649.5
M00547,HealthShop 547,Health,Grand Est,33917.05,199,196,170.44,379.87,5,2.51,21,20,8017.83,10231.1,11718.04,2591.89,1358.19
M00304,SportZone 304,Sports,Auvergne-Rhône-Alpes,33857.59,133,130,254.57,524.79,2,1.5,50,35,4327.23,16152.05,9821.76,2132.96,1423.59
M00350,HealthShop 350,Health,Hauts-de-France,33397.3,233,225,143.34,1509.56,7,3.0,22,33,5033.48,13599.17,10715.44,2171.32,1877.89
M00039,HealthShop 39,Health,Grand Est,33239.48,265,253,125.43,987.21,3,1.13,23,21,5557.04,12753.49,11763.24,2145.59,1020.12
M00060,KidsWorld 60,Toys,Inconnu,32998.78,252,235,130.95,1191.26,2,0.79,9,15,4417.8,15640.65,10015.66,1239.85,1684.82
M00026,BeautyWorld 26,Beauty,Auvergne-Rhône-Alpes,32989.48,310,283,106.42,2174.01,8,2.58,8,36,5992.37,13150.03,11021.44,2604.63,221.01
M00462,CosmeticHub 462,Beauty,Ile-de-France,32977.12,234,224,140.93,2836.03,1,0.43,9,64,4987.34,13032.82,11711.6,1654.84,1590.52
M00051,ToyLand 51,Toys,Grand Est,32736.19,319,294,102.62,2563.24,7,2.19,10,22,2668.8,15406.19,12383.69,1621.48,656.03
M00453,HealthHub 453,Health,Ile-de-France,31988.66,166,152,192.7,2571.89,3,1.81,24,65,4607.58,15134.3,10611.9,1153.56,481.32
M00187,HealthHub 187,Health,Nouvelle-Aquitaine,31971.77,229,222,139.61,2119.73,5,2.18,25,35,2739.55,14963.94,12402.5,790.29,1075.49
M00103,WellnessStore 103,Health,Nouvelle-Aquitaine,31787.15,211,198,150.65,1261.95,2,0.95,26,36,5069.39,13244.99,11363.81,1115.11,993.85
M00468,StyleShop 468,Clothing,Ile-de-France,31644.03,189,178,167.43,3142.25,0,0.0,40,66,4301.65,13826.84,10760.05,1830.82,924.67
M00154,WellnessStore 154,Health,Provence-Alpes-Côte d'Azur,31471.57,267,251,117.87,1642.82,5,1.87,27,19,5077.18,13013.95,11232.57,1577.22,570.65
M00106,VitalShop 106,Health,Ile-de-France,31446.44,198,186,158.82,2459.11,3,1.52,28,67,4350.98,13975.92,10301.35,1893.77,924.42
M00504,FashionStore 504,Clothing,Grand Est,31139.69,226,213,137.79,840.77,2,0.88,41,23,3297.09,12342.23,12065.32,1605.28,1829.77
M00159,WellnessStore 159,Health,Auvergne-Rhône-Alpes,31069.68,285,271,109.02,1767.86,3,1.05,29,37,3562.2,14288.61,10590.09,2160.34,468.44
M00553,TrendyWear 553,Clothing,Ile-de-France,30971.96,190,182,163.01,1852.12,2,1.05,42,68,4694.13,12146.39,10349.08,3484.35,298.01
M00117,ToyHub 117,Toys,Hauts-de-France,30850.32,261,246,118.2,2569.83,3,1.15,11,34,5671.04,13656.96,8813.42,1789.53,919.37
M00093,HealthHub 93,Health,Provence-Alpes-Côte d'Azur,30789.65,192,187,160.36,932.93,2,1.04,30,20,4182.96,12797.8,10914.9,1552.66,1341.33
M00530,VitalShop 530,Health,Provence-Alpes-Côte d'Azur,30692.82,144,139,213.14,1635.93,4,2.78,31,21,3679.29,13914.57,11157.09,1365.29,576.58
M00410,ToyHub 410,Toys,Nouvelle-Aquitaine,30666.42,225,215,136.3,1370.79,2,0.89,12,37,4176.33,15905.71,9189.1,674.6,720.68
M00439,ToyLand 439,Toys,Provence-Alpes-Côte d'Azur,30386.91,321,294,94.66,3035.65,3,0.93,13,22,4967.14,12999.52,9978.78,1643.31,798.16
M00171,CosmeticHub 171,Beauty,Grand Est,29860.92,253,230,118.03,1866.31,7,2.77,10,24,4545.11,14078.64,8195.87,1565.08,1476.22
M00318,HealthShop 318,Health,Ile-de-France,29773.05,192,180,155.07,458.5,6,3.13,32,69,2804.64,11213.6,12741.85,1823.4,1189.56
M00437,VitalShop 437,Health,Bretagne,29643.51,208,198,142.52,2427.8,6,2.88,33,26,3226.58,13543.28,10845.12,1747.55,280.98
M00560,VitalShop 560,Health,Ile-de-France,29354.14,245,231,119.81,2650.68,2,0.82,34,70,6705.49,11765.67,8351.98,2018.64,512.36
M00139,VitalShop 139,Health,Normandie,29253.26,193,189,151.57,848.34,1,0.52,35,19,3577.91,14311.23,8376.1,2191.86,796.16
M00176,ToyHub 176,Toys,Occitanie,29082.64,288,266,100.98,340.27,7,2.43,14,27,4302.39,11264.28,9593.99,2621.6,1300.38
M00076,HealthShop 76,Health,Pays de la Loire,28849.38,235,226,122.76,2457.97,4,1.7,36,18,4612.86,7205.01,9516.72,3400.51,4114.28
M00138,PlayShop 138,Toys,Provence-Alpes-Côte d'Azur,28512.36,234,221,121.85,2771.4,1,0.43,15,23,4745.88,12251.58,8582.89,1599.12,1332.89
M00408,ToyLand 408,Toys,Ile-de-France,28235.0,272,250,103.81,1157.64,4,1.47,16,71,3876.84,12624.57,9135.87,1844.44,753.28
M00269,FashionStore 269,Clothing,Grand Est,27758.33,135,133,205.62,971.54,2,1.48,43,25,4485.6,12250.88,8711.76,2151.73,158.36
M00600,BeautyWorld 600,Beauty,Nouvelle-Aquitaine,27660.1,286,274,96.71,1098.11,4,1.4,11,38,5059.83,10785.01,9819.2,1495.85,500.21
M00123,CosmeticHub 123,Beauty,Auvergne-Rhône-Alpes,27282.54,292,274,93.43,2387.22,3,1.03,12,38,4135.69,11195.27,9679.11,1221.37,1051.1
M00595,HealthShop 595,Health,Ile-de-France,27279.48,197,188,138.47,1014.8,6,3.05,37,72,5217.65,10640.16,9759.49,735.93,926.25
M00373,VitalShop 373,Health,Ile-de-France,27252.41,209,199,130.39,498.72,3,1.44,38,73,2523.88,9367.28,12763.19,1290.19,1307.87
M00156,KidsWorld 156,Toys,Auvergne-Rhône-Alpes,27019.86,263,241,102.74,718.73,3,1.14,17,39,3264.9,10605.44,11167.74,906.03,1075.75
M00363,BeautyCorner 363,Beauty,Hauts-de-France,27017.26,205,203,131.79,872.66,1,0.49,13,35,3920.49,12132.04,8325.32,1704.41,935.0
M00405,BeautyWorld 405,Beauty,Nouvelle-Aquitaine,26631.99,209,199,127.43,1518.02,3,1.44,14,39,4219.56,12245.54,8416.69,1022.52,727.68
M00268,KidsWorld 268,Toys,Bretagne,26341.54,253,231,104.12,890.34,4,1.58,18,27,4720.03,9906.61,9079.21,2065.56,570.13
M00010,HealthShop 10,Health,Occitanie,26217.23,150,146,174.78,2031.84,3,2.0,39,28,4015.6,9865.63,9013.13,889.39,2433.48
M00353,ToyHub 353,Toys,Auvergne-Rhône-Alpes,26183.98,203,188,128.99,1461.07,1,0.49,19,40,3950.04,11543.47,8066.96,1726.84,896.67
M00031,CosmeticHub 31,Beauty,Ile-de-France,26134.74,236,220,110.74,512.24,4,1.69,15,74,3893.5,11921.62,8179.57,897.22,1242.83
M00205,PlayShop 205,Toys,Occitanie,25978.81,259,243,100.3,704.03,3,1.16,20,29,5040.35,10083.93,8283.31,1608.93,962.29
M00346,ToyHub 346,Toys,Grand Est,25931.04,276,257,93.95,855.72,6,2.17,21,26,3229.31,10703.02,8951.12,2236.46,811.13
M00301,PlayShop 301,Toys,Occitanie,25905.85,273,257,94.89,476.67,4,1.47,22,30,3850.68,8826.79,11304.41,1023.62,900.35
M00334,BeautyCorner 334,Beauty,Ile-de-France,25833.72,282,267,91.61,503.76,4,1.42,16,75,3146.46,11437.19,8531.67,1638.5,1079.9
M00178,WellnessStore 178,Health,Ile-de-France,25695.58,158,152,162.63,1528.89,1,0.63,40,76,2787.49,10717.27,9642.72,1874.88,673.22
M00021,KidsWorld 21,Toys,Auvergne-Rhône-Alpes,25667.49,192,185,133.68,2374.24,1,0.52,23,41,2757.34,12467.6,7459.76,1613.93,1368.86
M00228,PlayShop 228,Toys,Nouvelle-Aquitaine,25422.47,266,250,95.57,1118.59,4,1.5,24,40,3287.46,8919.92,10917.87,1238.05,1059.17
M00058,VitalShop 58,Health,Grand Est,25409.25,216,205,117.64,2223.31,3,1.39,41,27,2527.46,12162.78,8456.67,1687.38,574.96
M00012,PlayShop 12,Toys,Occitanie,25088.83,260,243,96.5,308.59,5,1.92,25,31,3636.54,9090.27,11202.84,778.96,380.22
M00098,GourmetShop 98,Food,Nouvelle-Aquitaine,24642.88,355,333,69.42,507.64,3,0.85,1,41,4363.54,11644.78,7055.11,811.79,767.66
M00524,GourmetShop 524,Food,Bretagne,24490.1,251,240,97.57,2382.89,4,1.59,2,28,10789.05,6038.03,5808.07,845.24,1009.71
M00425,HealthShop 425,Health,Nouvelle-Aquitaine,24442.69,112,106,218.24,1373.68,1,0.89,42,42,4653.24,8438.09,8712.56,960.06,1678.74
M00016,GlowShop 16,Beauty,Nouvelle-Aquitaine,24416.66,179,173,136.41,2436.78,3,1.68,17,43,2906.78,10577.3,8677.25,1321.62,933.71
M00174,KidsWorld 174,Toys,Grand Est,24306.33,214,203,113.58,634.4,3,1.4,26,28,6141.16,7180.73,8656.22,1475.08,853.14
M00281,BeautyCorner 281,Beauty,Nouvelle-Aquitaine,24236.1,255,237,95.04,504.11,8,3.14,18,44,4365.54,10082.22,8199.59,668.08,920.67
M00552,FoodMart 552,Food,Nouvelle-Aquitaine,23881.28,400,356,59.7,2017.97,6,1.5,3,45,4103.54,10666.1,7338.22,925.91,847.51
M00222,BeautyCorner 222,Beauty,Nouvelle-Aquitaine,23843.98,223,212,106.92,2067.27,4,1.79,19,46,3310.94,7768.13,9318.74,1642.76,1803.41
M00489,VitalShop 489,Health,Provence-Alpes-Côte d'Azur,23711.98,218,205,108.77,1003.02,1,0.46,43,24,3109.17,8980.42,9647.69,1101.54,873.16
M00483,WellnessStore 483,Health,Nouvelle-Aquitaine,23704.73,239,230,99.18,1986.46,2,0.84,44,47,2643.2,10415.13,9330.93,789.44,526.03
M00070,GlowShop 70,Beauty,Grand Est,23659.09,179,174,132.17,1843.04,1,0.56,20,29,3480.33,9621.53,8000.08,2046.27,510.88
M00034,HealthHub 34,Health,Occitanie,23618.15,184,182,128.36,1228.14,2,1.09,45,32,3263.04,9279.7,8703.62,1704.18,667.61
M00081,ToyHub 81,Toys,Auvergne-Rhône-Alpes,23595.02,256,242,92.17,323.25,2,0.78,27,42,2578.22,11218.56,5730.14,2132.85,1935.25
M00050,CosmeticHub 50,Beauty,Provence-Alpes-Côte d'Azur,23423.94,174,162,134.62,438.03,4,2.3,21,25,5304.35,9341.69,7165.08,717.99,894.83
M00109,BeautyWorld 109,Beauty,Ile-de-France,23279.19,193,179,120.62,2269.72,2,1.04,22,77,2027.65,9790.14,8582.79,553.3,2325.31
M00085,CosmeticHub 85,Beauty,Ile-de-France,23175.17,166,162,139.61,887.61,4,2.41,23,78,2045.53,8302.38,11626.38,904.55,296.33
M00590,HealthShop 590,Health,Auvergne-Rhône-Alpes,23171.51,204,191,113.59,1031.13,2,0.98,46,43,3517.84,9873.2,8228.0,1043.54,508.93
M00086,FoodHub 86,Food,Normandie,23163.23,336,309,68.94,1304.09,5,1.49,4,20,3344.78,8554.36,8944.96,1088.98,1230.15
M00320,HealthShop 320,Health,Auvergne-Rhône-Alpes,23158.58,149,136,155.43,1794.79,2,1.34,47,44,4932.91,7978.37,8578.54,955.8,712.96
M00470,GourmetShop 470,Food,Nouvelle-Aquitaine,23090.78,349,322,66.16,2045.84,7,2.01,5,48,3402.36,9504.73,8073.89,731.32,1378.48
M00509,BeautyCorner 509,Beauty,Occitanie,23083.95,233,219,99.07,1701.29,1,0.43,24,33,3751.36,9388.06,7955.57,1269.21,719.75
M00457,ToyLand 457,Toys,Normandie,23021.04,237,225,97.14,1523.99,3,1.27,28,21,3741.65,9105.39,8218.74,1364.43,590.83
M00349,PlayShop 349,Toys,Auvergne-Rhône-Alpes,22925.11,207,191,110.75,2283.34,5,2.42,29,45,3328.39,8058.06,8909.85,1930.78,698.03
M00341,BeautyCorner 341,Beauty,Pays de la Loire,22920.04,219,202,104.66,1001.61,0,0.0,25,19,3354.88,9723.33,8004.57,1426.97,410.29
M00404,,Inconnu,Inconnu,22495.82,222,214,101.33,0.0,2,0.9,10,16,3539.99,10469.96,6924.07,918.44,643.36
M00475,KidsWorld 475,Toys,Grand Est,22485.73,178,167,126.32,1122.04,2,1.12,30,30,5955.63,7977.06,5959.28,1741.02,852.74
M00234,FoodMart 234,Food,Normandie,22425.04,373,338,60.12,2164.02,9,2.41,6,22,2510.69,9660.29,8198.61,1083.71,971.74
M00493,VitalShop 493,Health,Hauts-de-France,22411.73,109,105,205.61,674.59,2,1.83,48,36,3280.23,10321.57,6625.19,1166.43,1018.31
M00563,ToyLand 563,Toys,Inconnu,22343.69,250,234,89.37,1812.07,4,1.6,31,17,2586.87,9890.0,7211.75,1646.1,1008.97
M00105,FreshMarket 105,Food,Grand Est,22303.97,292,271,76.38,1054.98,7,2.4,7,31,3246.06,8688.68,8411.55,1264.01,693.67
M00579,CosmeticHub 579,Beauty,Pays de la Loire,21863.33,218,200,100.29,1434.23,3,1.38,26,20,3359.83,8331.58,7772.15,1703.96,695.81
M00208,ToyLand 208,Toys,Auvergne-Rhône-Alpes,21830.34,223,209,97.89,224.85,4,1.79,32,46,2870.74,8540.54,7988.63,1469.97,960.46
M00449,ToyHub 449,Toys,Occitanie,21812.59,184,173,118.55,824.52,6,3.26,33,34,3680.12,8557.21,7402.03,1635.33,537.9
M00263,VitalShop 263,Health,Grand Est,21691.79,158,152,137.29,885.03,6,3.8,49,32,3498.5,9245.5,7253.17,1056.58,638.04
M00161,CosmeticHub 161,Beauty,Ile-de-France,21662.83,228,214,95.01,935.83,0,0.0,27,79,2923.29,10336.07,6474.92,1026.37,902.18
M00426,GlowShop 426,Beauty,Hauts-de-France,21606.1,187,178,115.54,2087.15,1,0.53,28,37,3319.31,7608.36,9383.63,872.73,422.07
M00305,GourmetShop 305,Food,Occitanie,21440.28,349,330,61.43,452.39,4,1.15,8,35,3410.55,7722.72,8279.92,1162.97,864.12
M00414,BeautyCorner 414,Beauty,Ile-de-France,21436.18,220,211,97.44,235.8,4,1.82,29,80,3259.65,8346.67,7435.1,1844.41,550.35
M00246,KidsWorld 246,Toys,Nouvelle-Aquitaine,21326.91,195,181,109.37,356.16,1,0.51,34,49,3323.53,10609.25,5620.91,1054.87,718.35
M00293,BeautyCorner 293,Beauty,Grand Est,21103.78,201,191,104.99,1530.02,4,1.99,30,33,2691.52,9314.89,8203.78,411.65,481.94
M00371,HealthHub 371,Health,Normandie,20936.19,153,142,136.84,933.75,5,3.27,50,23,3140.79,11004.78,6131.25,456.16,203.21
M00445,FoodHub 445,Food,Ile-de-France,20770.14,271,253,76.64,1620.07,7,2.58,9,81,3569.04,9594.08,5729.35,1083.33,794.34
M00132,BeautyWorld 132,Beauty,Inconnu,20575.18,183,173,112.43,958.8,1,0.55,31,18,2459.33,10627.48,6049.26,1046.18,392.93
M00150,PlayShop 150,Toys,Hauts-de-France,20555.7,212,202,96.96,489.23,2,0.94,35,38,3440.45,10071.19,5556.14,1042.81,445.11
M00550,VitalShop 550,Health,Ile-de-France,20527.43,129,122,159.13,642.51,2,1.55,51,82,4094.63,7004.36,7878.63,527.24,1022.57
M00027,GlowShop 27,Beauty,Ile-de-France,20423.35,178,168,114.74,780.17,2,1.12,32,83,3676.14,6011.0,8604.39,1197.39,934.43
M00091,CosmeticHub 91,Beauty,Grand Est,20349.49,138,129,147.46,1037.82,6,4.35,33,34,3290.28,9390.43,6689.49,310.71,668.58
M00523,GlowShop 523,Beauty,Ile-de-France,20208.24,201,187,100.54,1673.24,2,1.0,34,84,3511.15,8144.32,7090.35,677.25,785.17
M00188,HealthShop 188,Health,Auvergne-Rhône-Alpes,20156.45,87,84,231.68,790.13,1,1.15,52,47,3076.28,6416.02,8468.79,1389.01,806.35
M00108,HealthHub 108,Health,Ile-de-France,19994.74,161,155,124.19,1445.62,1,0.62,53,85,2958.16,7803.82,7145.87,1122.24,964.65
M00119,GlowShop 119,Beauty,Auvergne-Rhône-Alpes,19955.68,187,175,106.71,810.2,2,1.07,35,48,2528.77,7585.15,6752.56,1737.5,1351.7
M00104,ToyLand 104,Toys,Auvergne-Rhône-Alpes,19930.83,187,173,106.58,1458.94,2,1.07,36,49,3563.48,9699.98,5208.74,949.15,509.48
M00145,FoodHub 145,Food,Occitanie,19884.15,239,226,83.2,1288.49,4,1.67,10,36,3437.74,8470.1,6661.07,734.72,580.52
M00257,KidsWorld 257,Toys,Auvergne-Rhône-Alpes,19808.92,266,251,74.47,730.95,8,3.01,37,50,4418.2,7554.54,5607.4,1775.72,453.06
M00113,HealthHub 113,Health,Nouvelle-Aquitaine,19807.22,158,144,125.36,1279.55,2,1.27,54,50,3130.1,8795.82,4914.61,872.56,2094.13
M00221,GourmetShop 221,Food,Ile-de-France,19758.36,268,249,73.73,1282.32,2,0.75,11,86,3500.07,7890.26,7037.03,804.61,526.39
M00527,KidsWorld 527,Toys,Occitanie,19623.12,215,201,91.27,627.94,3,1.4,38,37,1836.53,8444.67,7557.02,786.9,998.0
M00111,ToyLand 111,Toys,Ile-de-France,19618.93,216,203,90.83,1853.99,3,1.39,39,87,3783.78,6582.09,6950.97,1836.7,465.39
M00430,PlayShop 430,Toys,Hauts-de-France,19514.96,241,230,80.97,1465.57,3,1.24,40,39,4420.53,6490.76,7551.39,776.66,275.62
M00261,BeautyCorner 261,Beauty,Hauts-de-France,19476.17,181,174,107.6,1273.74,0,0.0,36,40,3453.94,7024.61,7094.65,981.82,921.15
M00516,ToyLand 516,Toys,Hauts-de-France,19426.24,237,221,81.97,557.53,5,2.11,41,41,2367.69,7803.29,7829.21,896.24,529.81
M00274,PlayShop 274,Toys,Normandie,19413.51,215,204,90.3,1256.05,2,0.93,42,24,2204.8,9513.0,5797.93,1238.29,659.49
M00551,ToyLand 551,Toys,Provence-Alpes-Côte d'Azur,19146.64,273,254,70.13,1627.46,5,1.83,43,26,3001.98,8462.06,6062.59,1155.38,464.63
M00479,CosmeticHub 479,Beauty,Nouvelle-Aquitaine,19076.9,194,183,98.33,440.68,0,0.0,37,51,3018.13,7441.43,7580.36,895.04,141.94
M00311,CosmeticHub 311,Beauty,Hauts-de-France,18929.92,184,177,102.88,522.47,5,2.72,38,42,3771.15,8388.93,5721.22,702.18,346.44
M00431,GlowShop 431,Beauty,Ile-de-France,18915.17,146,139,129.56,1708.04,3,2.05,39,88,3345.65,9111.0,4722.11,1269.91,466.5
M00381,FreshMarket 381,Food,Hauts-de-France,18797.92,270,256,69.62,281.97,5,1.85,12,43,3491.63,7206.05,6516.05,930.56,653.63
M00025,GourmetShop 25,Food,Ile-de-France,18654.89,296,273,63.02,943.94,7,2.36,13,89,2020.17,7156.74,6691.67,2361.3,425.01
M00542,ToyLand 542,Toys,Normandie,18557.71,152,146,122.09,621.68,1,0.66,44,25,1235.87,8686.45,7212.01,738.59,684.79
M00517,VitalShop 517,Health,Normandie,18511.33,120,116,154.26,1203.24,2,1.67,55,26,3087.35,7921.08,6909.12,392.05,201.73
M00280,HealthHub 280,Health,Provence-Alpes-Côte d'Azur,18281.96,137,134,133.44,1645.38,2,1.46,56,27,3343.62,5882.94,7577.14,788.73,689.53
M00343,BeautyCorner 343,Beauty,Occitanie,18269.68,184,180,99.29,1662.54,4,2.17,40,38,3113.7,9040.31,5510.3,341.08,264.29
M00332,FreshMarket 332,Food,Inconnu,18255.0,283,261,64.51,783.14,1,0.35,14,19,3039.11,6721.38,6955.39,466.89,1072.23
M00241,CosmeticHub 241,Beauty,Provence-Alpes-Côte d'Azur,18250.66,194,183,94.08,295.66,4,2.06,41,28,2822.26,6696.52,7278.39,970.7,482.79
M00202,ToyLand 202,Toys,Nouvelle-Aquitaine,18027.09,187,175,96.4,876.12,3,1.6,45,52,3068.62,7277.16,6197.97,880.92,602.42
M00296,FoodMart 296,Food,Occitanie,17986.31,201,196,89.48,1714.1,3,1.49,15,39,3739.14,6557.5,6012.8,1186.92,489.95
M00017,BeautyCorner 17,Beauty,Occitanie,17978.0,167,156,107.65,656.2,3,1.8,42,40,2401.96,8752.56,5340.42,639.91,843.15
M00344,BeautyCorner 344,Beauty,Nouvelle-Aquitaine,17968.61,164,158,109.56,646.87,2,1.22,43,53,3618.54,6516.84,5507.77,1613.15,712.31
M00422,FoodMart 422,Food,Occitanie,17858.46,298,276,59.93,610.76,1,0.34,16,41,2921.81,6380.17,6158.75,1101.7,1296.03
M00477,KidsWorld 477,Toys,Occitanie,17817.51,215,206,82.87,1400.46,7,3.26,46,42,1965.96,8747.69,6039.34,636.97,427.55
M00285,HealthHub 285,Health,Bretagne,17686.38,169,165,104.65,1372.46,2,1.18,57,29,2820.58,8232.49,5906.66,396.37,330.28
M00152,GlowShop 152,Beauty,Bretagne,17612.08,195,183,90.32,1363.17,4,2.05,44,30,3191.37,5771.82,6888.57,853.62,906.7
M00577,LibraryShop 577,Books,Hauts-de-France,17590.13,332,314,52.98,624.45,5,1.51,1,44,2975.53,6405.49,7202.9,684.91,321.3
M00052,FoodMart 52,Food,Auvergne-Rhône-Alpes,17457.18,374,343,46.68,1098.06,4,1.07,17,51,3048.87,6767.01,6217.82,871.3,552.18
M00288,BeautyWorld 288,Beauty,Ile-de-France,17345.3,194,183,89.41,258.44,1,0.52,45,90,3283.83,7173.94,6127.42,464.19,295.92
M00077,KidsWorld 77,Toys,Ile-de-France,17233.43,159,152,108.39,751.38,2,1.26,47,91,2635.82,6290.42,5544.73,2415.9,346.56
M00126,FoodHub 126,Food,Ile-de-France,17221.04,304,287,56.65,1436.23,2,0.66,18,92,3081.6,6832.76,6140.85,845.78,320.05
M00290,HealthShop 290,Health,Hauts-de-France,16930.7,140,132,120.93,333.53,1,0.71,58,45,1946.65,8031.73,6018.01,641.36,292.95
M00043,ToyHub 43,Toys,Ile-de-France,16919.56,159,149,106.41,959.34,3,1.89,48,93,2946.28,4558.21,7848.22,1185.74,381.11
M00194,ToyLand 194,Toys,Grand Est,16727.81,148,142,113.03,761.12,1,0.68,49,35,2519.75,7656.25,5621.66,669.62,260.53
M00067,BeautyCorner 67,Beauty,Provence-Alpes-Côte d'Azur,16572.76,190,179,87.23,505.47,5,2.63,46,29,2585.26,5925.59,5520.66,1517.37,1023.88
M00323,GourmetShop 323,Food,Grand Est,16552.03,226,209,73.24,1123.88,6,2.65,19,36,3045.38,5216.89,7204.55,801.16,284.05
M00521,HealthHub 521,Health,Normandie,16540.83,97,95,170.52,368.86,0,0.0,59,27,2764.45,6579.95,6417.39,581.77,197.27
M00314,PlayShop 314,Toys,Occitanie,16476.11,195,190,84.49,416.85,1,0.51,50,43,2122.12,7467.67,5130.64,1051.51,704.17
M00485,BeautyWorld 485,Beauty,Auvergne-Rhône-Alpes,16412.38,156,148,105.21,231.41,3,1.92,47,52,3403.24,6865.38,4394.61,1061.13,688.02
M00567,FreshMarket 567,Food,Ile-de-France,16408.71,229,220,71.65,344.58,8,3.49,20,94,2494.54,6521.42,5094.43,1678.77,619.55
M00435,FoodHub 435,Food,Auvergne-Rhône-Alpes,16385.15,253,240,64.76,645.57,2,0.79,21,53,2634.11,7075.55,5498.46,587.06,589.97
M00312,BeautyWorld 312,Beauty,Auvergne-Rhône-Alpes,16190.96,202,191,80.15,825.74,2,0.99,48,54,2226.33,6643.74,6254.73,956.94,109.22
M00141,FoodMart 141,Food,Auvergne-Rhône-Alpes,16177.82,332,314,48.73,792.71,7,2.11,22,55,1525.98,6883.42,6067.68,1189.29,511.45
M00239,BeautyWorld 239,Beauty,Nouvelle-Aquitaine,16137.82,205,194,78.72,700.38,3,1.46,49,54,3445.22,7464.27,3694.73,1047.04,486.56
M00535,HealthHub 535,Health,Provence-Alpes-Côte d'Azur,15996.04,119,116,134.42,985.36,1,0.84,60,30,2991.15,6668.45,5682.43,267.45,386.56
M00218,BookCorner 218,Books,Normandie,15987.57,339,322,47.16,268.59,7,2.06,2,28,2663.8,7010.65,5249.99,558.89,504.24
M00023,GourmetShop 23,Food,Bretagne,15808.97,280,262,56.46,1081.33,7,2.5,23,31,2169.83,5786.77,5771.07,964.64,1116.66
M00250,GlowShop 250,Beauty,Ile-de-France,15587.84,126,122,123.71,428.67,4,3.17,50,95,1580.74,6764.94,6223.72,459.02,559.42
M00153,LibraryShop 153,Books,Provence-Alpes-Côte d'Azur,15552.69,358,331,43.44,584.78,8,2.23,3,31,2287.39,6749.56,5266.98,804.96,443.8
M00019,VitalShop 19,Health,Normandie,15540.94,118,111,131.7,519.07,3,2.54,61,29,1685.42,4975.71,6909.19,997.22,973.4
M00065,PlayShop 65,Toys,Auvergne-Rhône-Alpes,15535.0,146,137,106.4,744.13,1,0.68,51,56,2280.77,5037.53,6645.76,954.75,616.19
M00569,VitalShop 569,Health,Ile-de-France,15453.59,115,113,134.38,1466.55,1,0.87,62,96,2082.13,6534.98,5793.72,862.79,179.97
M00576,ReadMore 576,Books,Ile-de-France,15397.27,306,287,50.32,409.57,7,2.29,4,97,1634.83,7191.67,5162.31,1154.68,253.78
M00185,GourmetShop 185,Food,Ile-de-France,15283.17,196,188,77.98,158.94,5,2.55,24,98,2535.42,6943.04,4843.89,616.2,344.62
M00574,PlayShop 574,Toys,Hauts-de-France,15282.66,182,170,83.97,602.14,2,1.1,52,46,2196.0,5514.29,5598.12,855.39,1118.86
M00501,CosmeticHub 501,Beauty,Nouvelle-Aquitaine,15187.98,130,129,116.83,1170.99,1,0.77,51,55,2356.55,5771.45,5677.55,680.24,702.19
M00131,BeautyWorld 131,Beauty,Auvergne-Rhône-Alpes,15164.2,146,146,103.86,649.03,0,0.0,52,57,1738.9,7414.07,4526.21,1292.9,192.12
M00376,FoodMart 376,Food,Normandie,15138.57,270,259,56.07,935.56,5,1.85,25,30,2593.72,7064.06,4382.53,817.59,280.67
M00056,GlowShop 56,Beauty,Provence-Alpes-Côte d'Azur,14869.16,211,193,70.47,962.03,5,2.37,53,32,2109.91,7200.77,4477.52,845.92,235.04
M00512,BookCorner 512,Books,Grand Est,14864.76,292,282,50.91,649.59,4,1.37,5,37,1913.61,6723.68,5235.75,659.53,332.19
M00245,FreshMarket 245,Food,Normandie,14822.56,230,221,64.45,406.14,2,0.87,26,31,2575.08,6246.7,4837.95,710.63,452.2
M00342,FoodMart 342,Food,Auvergne-Rhône-Alpes,14746.96,307,289,48.04,1396.54,4,1.3,27,58,3398.92,5830.17,4365.93,466.57,685.37
M00348,GourmetShop 348,Food,Auvergne-Rhône-Alpes,14597.25,283,272,51.58,976.56,6,2.12,28,59,2864.84,5433.98,5494.37,379.54,424.52
M00562,BeautyWorld 562,Beauty,Auvergne-Rhône-Alpes,14578.54,190,181,76.73,1446.19,1,0.53,54,60,2587.07,5458.91,5515.2,605.24,412.12
M00306,BeautyWorld 306,Beauty,Pays de la Loire,14536.54,165,158,88.1,1270.49,2,1.21,55,21,2243.17,6230.75,4503.91,1123.37,435.34
M00047,FoodMart 47,Food,Pays de la Loire,14526.38,228,217,63.71,605.75,5,2.19,29,22,2490.25,6442.17,4859.58,326.79,407.59
M00324,FoodMart 324,Food,Grand Est,14450.99,291,277,49.66,371.39,5,1.72,30,38,2038.03,6170.87,5227.69,255.35,759.05
M00366,,Inconnu,Inconnu,14403.11,139,135,103.62,0.0,0,0.0,11,20,2701.04,5969.26,4547.91,634.43,550.47
M00331,HealthShop 331,Health,Ile-de-France,14328.15,82,81,174.73,974.31,2,2.44,63,99,3583.21,7928.8,2409.85,327.7,78.59
M00303,WellnessStore 303,Health,Provence-Alpes-Côte d'Azur,14260.41,90,89,158.45,360.79,0,0.0,64,33,2385.89,6097.15,4420.37,624.12,732.88
M00495,KidsWorld 495,Toys,Nouvelle-Aquitaine,14259.96,170,165,83.88,627.44,1,0.59,53,56,2281.3,6766.12,4009.89,688.6,514.05
M00211,FoodMart 211,Food,Nouvelle-Aquitaine,13996.9,268,245,52.23,327.53,3,1.12,31,57,1861.55,5689.49,4877.83,868.27,699.76
M00235,BeautyCorner 235,Beauty,Grand Est,13769.32,141,135,97.65,802.75,0,0.0,56,39,2096.75,6453.61,4249.31,416.79,552.86
M00528,ToyHub 528,Toys,Nouvelle-Aquitaine,13680.13,132,130,103.64,989.07,1,0.76,54,58,1561.37,5586.76,5695.52,808.65,27.83
M00200,GlowShop 200,Beauty,Auvergne-Rhône-Alpes,13601.36,140,136,97.15,982.02,2,1.43,57,61,2761.1,4854.62,5269.73,591.37,124.54
M00347,VitalShop 347,Health,Pays de la Loire,13518.5,63,61,214.58,220.35,0,0.0,65,23,4252.13,5331.57,2062.91,399.56,1472.33
M00330,LibraryShop 330,Books,Occitanie,13437.71,252,236,53.32,1195.96,3,1.19,6,44,1963.0,5767.39,5077.59,456.2,173.53
M00062,GlowShop 62,Beauty,Hauts-de-France,13420.91,112,111,119.83,1006.57,0,0.0,58,47,2809.25,5770.84,3572.2,1079.75,188.87
M00044,HealthShop 44,Health,Pays de la Loire,13407.82,99,98,135.43,1095.42,0,0.0,66,24,2216.07,6286.82,3810.57,786.69,307.67
M00254,BeautyWorld 254,Beauty,Nouvelle-Aquitaine,13393.87,137,134,97.77,1261.7,3,2.19,59,59,1652.48,6108.91,4845.08,509.45,277.95
M00487,FoodHub 487,Food,Bretagne,13374.94,202,191,66.21,256.8,4,1.98,32,32,1451.51,5976.39,4877.67,768.44,300.93
M00129,GourmetShop 129,Food,Auvergne-Rhône-Alpes,13087.99,290,275,45.13,193.7,4,1.38,33,62,2211.85,5820.85,4163.4,360.95,530.94
M00570,CosmeticHub 570,Beauty,Occitanie,12958.73,117,110,110.76,1008.19,2,1.71,60,45,2356.78,5660.93,4332.31,270.02,338.69
M00378,PlayShop 378,Toys,Bretagne,12916.55,176,168,73.39,322.91,1,0.57,55,33,2266.77,6198.42,3843.39,504.65,103.32
M00007,BookHaven 7,Books,Occitanie,12915.1,271,258,47.66,1148.15,3,1.11,7,46,1349.64,4527.93,5938.7,793.18,305.65
M00402,ReadMore 402,Books,Nouvelle-Aquitaine,12790.68,195,185,65.59,1216.39,4,2.05,8,60,1521.53,4640.19,5535.33,554.94,538.69
M00271,BeautyCorner 271,Beauty,Ile-de-France,12722.46,146,141,87.14,1160.29,2,1.37,61,100,2157.33,6079.97,3556.26,485.62,443.28
M00599,GourmetShop 599,Food,Provence-Alpes-Côte d'Azur,12665.96,161,156,78.67,169.72,2,1.24,34,34,2287.87,5669.35,3729.1,595.22,384.42
M00148,BeautyWorld 148,Beauty,Auvergne-Rhône-Alpes,12629.75,151,144,83.64,217.23,2,1.32,62,63,1491.17,5167.27,5098.97,373.84,498.5
M00496,VitalShop 496,Health,Normandie,12577.43,127,122,99.03,1174.73,3,2.36,67,32,2106.72,5940.41,4002.58,128.6,399.12
M00321,FreshMarket 321,Food,Nouvelle-Aquitaine,12474.9,178,165,70.08,533.93,5,2.81,35,61,2060.68,3879.6,5657.69,497.08,379.85
M00238,ReadMore 238,Books,Ile-de-France,12418.72,278,256,44.67,1208.34,7,2.52,9,101,1816.37,5627.45,4000.56,748.51,225.83
M00313,GourmetShop 313,Food,Auvergne-Rhône-Alpes,12337.37,208,198,59.31,1218.93,2,0.96,36,64,2821.72,5016.42,3443.19,752.53,303.51
M00110,WellnessStore 110,Health,Provence-Alpes-Côte d'Azur,12268.09,76,75,161.42,215.92,1,1.32,68,35,2581.4,5366.29,3142.44,786.28,391.68
M00022,ReadMore 22,Books,Auvergne-Rhône-Alpes,12206.25,243,235,50.23,1135.18,3,1.23,10,65,1925.32,5317.37,4302.1,369.43,292.03
M00089,LibraryShop 89,Books,Auvergne-Rhône-Alpes,12202.45,237,220,51.49,452.71,4,1.69,11,66,1851.35,5644.33,3512.85,980.22,213.7
M00358,GourmetShop 358,Food,Bretagne,12067.65,194,183,62.2,1117.46,6,3.09,37,34,1726.23,4490.51,5488.27,362.64,0.0
M00452,BeautyWorld 452,Beauty,Grand Est,11993.75,181,171,66.26,1162.19,4,2.21,63,40,2626.15,4418.5,4080.2,520.37,348.53
M00396,BookHaven 396,Books,Nouvelle-Aquitaine,11977.11,230,216,52.07,840.79,3,1.3,12,62,1829.3,5054.26,4134.9,729.5,229.15
M00120,FoodMart 120,Food,Pays de la Loire,11951.94,244,232,48.98,307.16,3,1.23,38,25,1393.52,5867.6,3538.72,1017.13,134.97
M00029,FreshMarket 29,Food,Nouvelle-Aquitaine,11858.04,177,168,66.99,289.34,4,2.26,39,63,1168.11,4987.83,4776.84,663.71,261.55
M00073,ToyHub 73,Toys,Hauts-de-France,11688.93,142,139,82.32,406.77,0,0.0,56,48,1893.83,4804.93,4021.72,583.14,385.31
M00326,FoodHub 326,Food,Hauts-de-France,11606.91,149,147,77.9,1156.05,1,0.67,40,49,2138.71,3992.58,4395.72,476.07,603.83
M00322,ToyLand 322,Toys,Occitanie,11378.68,121,115,94.04,958.08,4,3.31,57,47,1426.88,3498.54,5730.46,444.24,278.56
M00090,BookHaven 90,Books,Normandie,11339.82,216,206,52.5,237.0,5,2.31,13,33,1136.14,5546.58,3475.27,827.45,354.38
M00030,FreshMarket 30,Food,Nouvelle-Aquitaine,11317.08,223,211,50.75,935.92,4,1.79,41,64,2168.14,5131.05,3196.85,506.31,314.73
M00107,BookHaven 107,Books,Ile-de-France,11203.15,270,252,41.49,322.65,5,1.85,14,102,1555.18,4095.34,4359.6,648.93,544.1
M00253,HealthShop 253,Health,Grand Est,11043.83,80,76,138.05,395.37,4,5.0,69,41,828.68,5927.06,4125.0,163.09,0.0
M00215,LibraryShop 215,Books,Auvergne-Rhône-Alpes,11040.24,264,251,41.82,746.32,4,1.52,15,67,1583.26,5080.43,3829.01,282.44,265.1
M00338,BookHaven 338,Books,Normandie,10956.97,259,244,42.3,702.34,2,0.77,16,34,1758.26,4069.1,3984.91,688.26,456.44
M00184,HealthShop 184,Health,Grand Est,10955.7,107,103,102.39,849.07,3,2.8,70,42,2676.22,4117.71,3448.3,134.58,578.89
M00538,ReadMore 538,Books,Pays de la Loire,10926.28,229,209,47.71,375.86,7,3.06,17,26,1363.68,5415.29,3457.5,328.14,361.67
M00265,GlowShop 265,Beauty,Hauts-de-France,10923.62,160,148,68.27,859.69,2,1.25,64,50,1385.58,6064.45,3013.83,205.01,254.75
M00379,BookCorner 379,Books,Auvergne-Rhône-Alpes,10907.89,185,175,58.96,865.0,0,0.0,18,68,1196.59,5068.36,3922.51,449.98,270.45
M00005,HealthHub 5,Health,Nouvelle-Aquitaine,10902.53,95,92,114.76,450.27,4,4.21,71,65,1149.3,5347.93,3199.48,928.7,277.12
M00032,LibraryShop 32,Books,Grand Est,10821.08,231,215,46.84,1018.26,0,0.0,19,43,2340.38,3703.16,3879.93,652.43,245.18
M00037,ReadMore 37,Books,Auvergne-Rhône-Alpes,10718.1,234,219,45.8,995.71,4,1.71,20,69,1912.85,3511.65,4140.5,956.31,196.79
M00136,FoodHub 136,Food,Grand Est,10555.81,150,144,70.37,575.29,1,0.67,42,44,1752.51,4404.46,3880.41,476.76,41.67
M00169,BookHaven 169,Books,Ile-de-France,10551.59,251,239,42.04,692.18,7,2.79,21,103,1334.92,4637.98,3331.28,826.38,421.03
M00179,FoodMart 179,Food,Ile-de-France,10549.27,148,143,71.28,767.99,2,1.35,43,104,1551.04,4983.75,3562.58,301.77,150.13
M00443,BeautyCorner 443,Beauty,Nouvelle-Aquitaine,10287.5,116,110,88.69,548.32,4,3.45,65,66,1370.29,4004.52,3963.09,454.94,494.66
M00506,BookCorner 506,Books,Ile-de-France,10268.47,215,205,47.76,597.62,5,2.33,22,105,1702.49,4925.38,3267.54,239.63,133.43
M00147,ReadMore 147,Books,Nouvelle-Aquitaine,10238.05,267,245,38.34,863.07,4,1.5,23,67,2130.95,4182.03,3229.78,512.43,182.86
M00518,ReadMore 518,Books,Provence-Alpes-Côte d'Azur,10164.65,242,230,42.0,165.68,4,1.65,24,36,1573.61,3767.2,3930.87,503.11,389.86
M00391,BookHaven 391,Books,Ile-de-France,10135.87,211,195,48.04,799.72,7,3.32,25,106,1818.25,4003.82,3140.65,761.27,411.88
M00088,FoodHub 88,Food,Ile-de-France,10110.74,171,157,59.13,398.36,2,1.17,44,107,1832.88,3584.12,3381.49,612.15,700.1
M00447,BookCorner 447,Books,Provence-Alpes-Côte d'Azur,10054.5,226,208,44.49,345.87,8,3.54,26,37,2332.04,3592.64,3221.67,750.59,157.56
M00232,BookHaven 232,Books,Auvergne-Rhône-Alpes,9974.47,271,254,36.81,369.06,5,1.85,27,70,1786.48,4239.47,3276.99,211.08,460.45
M00189,ReadMore 189,Books,Occitanie,9846.68,193,185,51.02,492.33,2,1.04,28,48,1128.03,4465.65,3585.67,468.08,199.25
M00201,GlowShop 201,Beauty,Nouvelle-Aquitaine,9844.77,92,90,107.01,975.62,0,0.0,66,68,2044.71,4788.59,2590.48,28.01,392.98
M00532,ReadMore 532,Books,Bretagne,9763.35,209,199,46.71,215.77,1,0.48,29,35,1363.88,4330.02,3437.3,395.8,236.35
M00061,BookHaven 61,Books,Auvergne-Rhône-Alpes,9729.98,217,199,44.84,888.35,8,3.69,30,71,1915.92,4232.33,2991.29,267.34,323.1
M00286,BookCorner 286,Books,Pays de la Loire,9515.28,176,169,54.06,435.8,3,1.7,31,27,1086.44,4140.66,3418.12,419.75,450.31
M00134,BookHaven 134,Books,Nouvelle-Aquitaine,9508.95,194,181,49.02,118.86,2,1.03,32,69,1428.61,3942.0,3621.0,402.65,114.69
M00002,BookCorner 2,Books,Nouvelle-Aquitaine,9504.36,248,239,38.32,584.52,3,1.21,33,70,1635.19,3758.19,3569.58,338.76,202.64
M00316,FreshMarket 316,Food,Grand Est,9426.9,130,126,72.51,116.89,2,1.54,45,45,2341.77,4026.15,2296.16,413.21,349.61
M00369,FoodMart 369,Food,Provence-Alpes-Côte d'Azur,9363.56,182,176,51.45,777.18,2,1.1,46,38,1144.54,3656.65,3908.34,292.45,361.58
M00536,FreshMarket 536,Food,Ile-de-France,9331.76,119,114,78.42,231.43,0,0.0,47,108,1138.39,4390.84,3049.42,390.95,362.16
M00045,BookCorner 45,Books,Ile-de-France,9318.48,247,232,37.73,171.46,10,4.05,34,109,1587.09,3640.66,3733.87,195.1,161.76
M00546,VitalShop 546,Health,Occitanie,9307.34,79,78,117.81,517.49,1,1.27,72,49,1410.44,4968.45,2339.74,226.46,362.25
M00001,BookHaven 1,Books,Bretagne,9281.48,171,163,54.28,633.0,4,2.34,35,36,1503.43,4152.18,2936.79,334.51,354.57
M00455,BookCorner 455,Books,Grand Est,9252.09,174,170,53.17,217.42,2,1.15,36,46,1274.87,3965.83,3556.07,356.96,98.36
M00515,BookCorner 515,Books,Grand Est,9248.59,236,221,39.19,238.61,3,1.27,37,47,1910.03,3366.34,3323.86,480.02,168.34
M00494,ReadMore 494,Books,Occitanie,9207.04,170,159,54.16,870.99,2,1.18,38,50,1642.06,4718.88,2436.58,281.97,127.55
M00403,,Inconnu,Inconnu,9180.03,173,165,53.06,0.0,3,1.73,12,21,1653.73,3979.43,2488.33,351.32,707.22
M00589,BookHaven 589,Books,Auvergne-Rhône-Alpes,9118.4,205,193,44.48,480.54,3,1.46,39,72,1550.49,3995.45,3131.4,391.14,49.92
M00319,ReadMore 319,Books,Auvergne-Rhône-Alpes,8992.39,190,175,47.33,343.51,2,1.05,40,73,1143.99,3686.18,3342.44,706.83,112.95
M00213,FoodMart 213,Food,Grand Est,8952.0,176,169,50.86,430.59,3,1.7,48,48,1258.8,3848.63,3129.03,497.15,218.39
M00177,BookCorner 177,Books,Pays de la Loire,8869.95,195,189,45.49,710.48,2,1.03,41,28,828.88,4566.36,2511.77,521.63,441.31
M00294,ReadMore 294,Books,Pays de la Loire,8858.01,203,196,43.64,804.31,0,0.0,42,29,1068.61,3794.59,3407.38,321.97,265.46
M00424,FreshMarket 424,Food,Provence-Alpes-Côte d'Azur,8687.8,220,213,39.49,715.01,2,0.91,49,39,1612.4,3537.28,2570.84,714.7,252.58
M00209,BookHaven 209,Books,Occitanie,8532.69,131,123,65.14,402.74,4,3.05,43,51,1305.17,3636.04,2788.89,691.78,110.81
M00055,BookCorner 55,Books,Auvergne-Rhône-Alpes,8340.66,232,218,35.95,153.47,2,0.86,44,74,1370.99,3689.07,2914.34,148.26,218.0
M00210,BookCorner 210,Books,Pays de la Loire,8268.81,199,190,41.55,336.54,4,2.01,45,30,1378.52,3743.86,2665.98,375.45,105.0
M00128,FoodHub 128,Food,Bretagne,8116.29,131,124,61.96,587.62,3,2.29,50,37,1928.84,3449.32,1836.62,365.78,535.73
M00421,FreshMarket 421,Food,Nouvelle-Aquitaine,8095.4,145,136,55.83,137.62,3,2.07,51,71,1201.57,3128.17,2860.07,290.8,614.79
M00214,ReadMore 214,Books,Ile-de-France,8066.1,185,173,43.6,425.89,2,1.08,46,110,1858.97,3078.25,2418.5,412.36,298.02
M00490,GourmetShop 490,Food,Nouvelle-Aquitaine,7563.24,206,202,36.71,536.23,4,1.94,52,72,753.75,3698.23,2375.41,358.34,377.51
M00014,ReadMore 14,Books,Ile-de-France,7552.28,123,118,61.4,676.68,0,0.0,47,111,1523.02,3459.18,2192.17,343.14,34.77
M00573,FoodMart 573,Food,Provence-Alpes-Côte d'Azur,7458.55,195,187,38.25,597.43,3,1.54,53,40,1206.71,2181.38,3530.64,264.23,275.59
M00299,ReadMore 299,Books,Ile-de-France,7162.98,114,111,62.83,657.56,2,1.75,48,112,1188.1,2728.43,2652.35,357.68,236.42
M00302,GourmetShop 302,Food,Ile-de-France,7148.73,108,105,66.19,289.52,0,0.0,54,113,1352.2,2796.14,2719.71,107.73,172.95
M00380,FreshMarket 380,Food,Ile-de-France,7006.4,169,165,41.46,489.05,1,0.59,55,114,1474.26,2717.77,2362.0,315.94,136.43
M00486,ReadMore 486,Books,Nouvelle-Aquitaine,6979.55,165,158,42.3,242.89,5,3.03,49,73,1633.7,2875.61,1951.11,380.11,139.02
M00219,,Inconnu,Inconnu,6737.66,189,178,35.65,0.0,4,2.12,13,22,977.85,3569.02,1815.16,184.34,191.29
M00386,LibraryShop 386,Books,Nouvelle-Aquitaine,6470.71,184,175,35.17,618.6,2,1.09,50,74,1024.48,2481.89,2309.38,453.8,201.16
M00355,LibraryShop 355,Books,Auvergne-Rhône-Alpes,6267.64,125,123,50.14,224.38,1,0.8,51,75,997.71,3036.8,1688.5,210.83,333.8
M00207,HealthHub 207,Health,Bretagne,6048.45,94,90,64.35,401.62,1,1.06,73,38,1096.59,2512.02,2024.66,136.96,278.22
M00180,ToyHub 180,Toys,Bretagne,5988.27,110,105,54.44,104.79,3,2.73,58,39,1734.62,2152.26,1819.15,101.16,181.08
M00394,LibraryShop 394,Books,Hauts-de-France,5973.32,141,137,42.36,575.23,1,0.71,52,51,1135.98,2556.61,1884.04,376.89,19.8
M00116,WellnessStore 116,Health,Auvergne-Rhône-Alpes,5967.82,56,55,106.57,512.04,0,0.0,74,76,1229.02,1945.15,2402.26,345.47,45.92
M00548,LibraryShop 548,Books,Bretagne,5953.7,148,143,40.23,130.98,3,2.03,53,40,932.69,1958.84,2536.87,332.3,193.0
M00053,BookHaven 53,Books,Ile-de-France,5585.74,118,114,47.34,184.89,1,0.85,54,115,838.65,2686.29,1961.02,99.78,0.0
M00226,BookHaven 226,Books,Grand Est,5492.87,196,186,28.02,357.59,2,1.02,55,49,755.05,2458.95,2069.76,122.41,86.7
M00543,LibraryShop 543,Books,Normandie,5243.36,109,109,48.1,437.3,1,0.92,56,35,760.12,1992.48,1949.93,365.67,175.16
M00427,,Inconnu,Inconnu,5137.82,130,126,39.52,0.0,2,1.54,14,23,922.17,1818.47,2052.15,216.34,128.69
M00015,ReadMore 15,Books,Provence-Alpes-Côte d'Azur,5019.83,114,112,44.03,483.91,0,0.0,57,41,614.19,1810.38,2135.01,214.3,245.95
M00163,LibraryShop 163,Books,Nouvelle-Aquitaine,4842.14,160,153,30.26,50.84,1,0.63,58,75,881.51,1688.09,1501.43,661.5,109.61
M00582,BookHaven 582,Books,Hauts-de-France,4781.34,102,100,46.88,300.75,1,0.98,59,52,1146.53,2118.17,1348.41,117.05,51.18
M00063,BookCorner 63,Books,Ile-de-France,4718.64,110,109,42.9,100.51,1,0.91,60,116,410.06,2394.15,1550.54,303.28,60.61
M00287,GourmetShop 287,Food,Hauts-de-France,4641.36,138,131,33.63,214.89,2,1.45,56,53,1112.47,1657.94,1436.77,346.04,88.14
M00130,FoodHub 130,Food,Grand Est,4498.57,86,83,52.31,243.37,0,0.0,57,50,581.84,1711.12,1656.74,255.74,293.13
M00400,BookHaven 400,Books,Auvergne-Rhône-Alpes,4422.89,106,103,41.73,293.68,0,0.0,61,77,579.93,2178.3,1286.3,302.45,75.91
M00118,BookHaven 118,Books,Hauts-de-France,4279.88,98,97,43.67,371.49,0,0.0,62,54,440.41,2008.49,1382.42,171.59,276.97
M00300,FoodHub 300,Food,Ile-de-France,4277.78,124,122,34.5,426.92,3,2.42,58,117,521.42,1644.55,1791.88,209.2,110.73
M00272,FoodHub 272,Food,Ile-de-France,4217.11,93,89,45.35,327.25,1,1.08,59,118,474.75,2194.05,1103.43,155.5,289.38
M00454,BeautyCorner 454,Beauty,Ile-de-France,3968.61,112,109,35.43,271.85,2,1.79,67,119,704.08,1530.3,1310.61,355.17,68.45
M00511,ReadMore 511,Books,Nouvelle-Aquitaine,3943.89,136,130,29.0,209.81,5,3.68,63,76,721.39,1674.15,1260.66,197.25,90.44
M00409,BookCorner 409,Books,Occitanie,3818.68,122,119,31.3,162.68,1,0.82,64,52,359.67,1624.69,1557.45,201.23,75.64
M96870,,Inconnu,Inconnu,3149.29,1,1,3149.29,0.0,0,0.0,15,24,0.0,3149.29,0.0,0.0,0.0
M00491,BookHaven 491,Books,Provence-Alpes-Côte d'Azur,2679.83,92,86,29.13,212.78,2,2.17,65,42,406.33,1124.79,783.22,285.69,79.8
M00540,ReadMore 540,Books,Auvergne-Rhône-Alpes,2676.02,63,61,42.48,176.88,1,1.59,66,78,292.37,1379.2,833.87,141.7,28.88
M91818,,Inconnu,Inconnu,2617.26,2,2,1308.63,0.0,1,50.0,16,25,0.0,1397.12,1220.14,0.0,0.0
M00080,CosmeticHub 80,Beauty,Ile-de-France,2449.95,27,27,90.74,55.86,0,0.0,68,120,427.0,934.59,1088.36,0.0,0.0
M94391,,Inconnu,Inconnu,2349.28,1,1,2349.28,0.0,0,0.0,17,26,0.0,0.0,2349.28,0.0,0.0
M97663,,Inconnu,Inconnu,2342.54,1,1,2342.54,0.0,0,0.0,18,27,0.0,2342.54,0.0,0.0,0.0
M92440,,Inconnu,Inconnu,2280.21,1,1,2280.21,0.0,0,0.0,19,28,0.0,0.0,2280.21,0.0,0.0
M93620,,Inconnu,Inconnu,2138.01,1,1,2138.01,0.0,0,0.0,20,29,0.0,0.0,2138.01,0.0,0.0
M99672,,Inconnu,Inconnu,1938.0,1,1,1938.0,0.0,0,0.0,21,30,1938.0,0.0,0.0,0.0,0.0
M96641,,Inconnu,Inconnu,1836.57,1,1,1836.57,0.0,0,0.0,22,31,1836.57,0.0,0.0,0.0,0.0
M90709,,Inconnu,Inconnu,1813.86,1,1,1813.86,0.0,0,0.0,23,32,0.0,0.0,1813.86,0.0,0.0
M93952,,Inconnu,Inconnu,1561.25,1,1,1561.25,0.0,0,0.0,24,33,0.0,0.0,1561.25,0.0,0.0
M97524,,Inconnu,Inconnu,1429.68,1,1,1429.68,0.0,0,0.0,25,34,0.0,1429.68,0.0,0.0,0.0
M97751,,Inconnu,Inconnu,1413.0,1,1,1413.0,0.0,0,0.0,26,35,0.0,1413.0,0.0,0.0,0.0
M97861,,Inconnu,Inconnu,1391.81,1,1,1391.81,0.0,0,0.0,27,36,0.0,1391.81,0.0,0.0,0.0
M97249,,Inconnu,Inconnu,1366.63,1,1,1366.63,0.0,0,0.0,28,37,0.0,1366.63,0.0,0.0,0.0
M98452,,Inconnu,Inconnu,1205.86,1,1,1205.86,0.0,0,0.0,29,38,0.0,1205.86,0.0,0.0,0.0
M90691,,Inconnu,Inconnu,1070.25,1,1,1070.25,0.0,0,0.0,30,39,0.0,1070.25,0.0,0.0,0.0
M90327,,Inconnu,Inconnu,1053.37,1,1,1053.37,0.0,0,0.0,31,40,0.0,0.0,1053.37,0.0,0.0
M91012,,Inconnu,Inconnu,1050.61,1,1,1050.61,0.0,0,0.0,32,41,0.0,1050.61,0.0,0.0,0.0
M91026,,Inconnu,Inconnu,1027.5,1,1,1027.5,0.0,0,0.0,33,42,1027.5,0.0,0.0,0.0,0.0
M90830,,Inconnu,Inconnu,956.7,1,1,956.7,0.0,0,0.0,34,43,0.0,956.7,0.0,0.0,0.0
M95102,,Inconnu,Inconnu,821.43,1,1,821.43,0.0,0,0.0,35,44,0.0,0.0,0.0,821.43,0.0
M97193,,Inconnu,Inconnu,810.72,1,1,810.72,0.0,0,0.0,36,45,810.72,0.0,0.0,0.0,0.0
M95128,,Inconnu,Inconnu,803.78,1,1,803.78,0.0,0,0.0,37,46,0.0,803.78,0.0,0.0,0.0
M95473,,Inconnu,Inconnu,802.81,1,1,802.81,0.0,0,0.0,38,47,0.0,802.81,0.0,0.0,0.0
M99977,,Inconnu,Inconnu,802.49,1,1,802.49,0.0,0,0.0,39,48,0.0,0.0,802.49,0.0,0.0
M92209,,Inconnu,Inconnu,779.33,1,1,779.33,0.0,0,0.0,40,49,0.0,0.0,0.0,0.0,779.33
M92499,,Inconnu,Inconnu,779.15,1,1,779.15,0.0,0,0.0,41,50,0.0,779.15,0.0,0.0,0.0
M94684,,Inconnu,Inconnu,764.73,1,1,764.73,0.0,0,0.0,42,51,0.0,0.0,764.73,0.0,0.0
M97300,,Inconnu,Inconnu,722.75,1,1,722.75,0.0,0,0.0,43,52,0.0,0.0,722.75,0.0,0.0
M93082,,Inconnu,Inconnu,717.93,1,1,717.93,0.0,0,0.0,44,53,717.93,0.0,0.0,0.0,0.0
M92936,,Inconnu,Inconnu,716.69,1,1,716.69,0.0,0,0.0,45,54,0.0,716.69,0.0,0.0,0.0
M97966,,Inconnu,Inconnu,715.7,1,1,715.7,0.0,0,0.0,46,55,0.0,715.7,0.0,0.0,0.0
M95613,,Inconnu,Inconnu,705.52,1,1,705.52,0.0,0,0.0,47,56,0.0,705.52,0.0,0.0,0.0
M91928,,Inconnu,Inconnu,667.24,1,1,667.24,0.0,0,0.0,48,57,0.0,0.0,667.24,0.0,0.0
M91411,,Inconnu,Inconnu,638.18,1,1,638.18,0.0,0,0.0,49,58,638.18,0.0,0.0,0.0,0.0
M92623,,Inconnu,Inconnu,628.17,1,1,628.17,0.0,0,0.0,50,59,0.0,628.17,0.0,0.0,0.0
M94609,,Inconnu,Inconnu,617.48,1,1,617.48,0.0,0,0.0,51,60,0.0,0.0,617.48,0.0,0.0
M94886,,Inconnu,Inconnu,574.18,1,1,574.18,0.0,0,0.0,52,61,0.0,574.18,0.0,0.0,0.0
M97078,,Inconnu,Inconnu,573.86,1,1,573.86,0.0,0,0.0,53,62,0.0,573.86,0.0,0.0,0.0
M98267,,Inconnu,Inconnu,572.1,1,1,572.1,0.0,1,100.0,54,63,0.0,0.0,572.1,0.0,0.0
M91214,,Inconnu,Inconnu,541.27,1,1,541.27,0.0,0,0.0,55,64,0.0,0.0,541.27,0.0,0.0
M97479,,Inconnu,Inconnu,539.78,1,1,539.78,0.0,0,0.0,56,65,0.0,539.78,0.0,0.0,0.0
M93062,,Inconnu,Inconnu,539.05,1,1,539.05,0.0,0,0.0,57,66,0.0,0.0,539.05,0.0,0.0
M90300,,Inconnu,Inconnu,535.4,1,1,535.4,0.0,1,100.0,58,67,0.0,0.0,535.4,0.0,0.0
M91051,,Inconnu,Inconnu,515.76,1,1,515.76,0.0,0,0.0,59,68,0.0,515.76,0.0,0.0,0.0
M91124,,Inconnu,Inconnu,506.61,1,1,506.61,0.0,0,0.0,60,69,0.0,506.61,0.0,0.0,0.0
M95465,,Inconnu,Inconnu,503.85,1,1,503.85,0.0,0,0.0,61,70,503.85,0.0,0.0,0.0,0.0
M92388,,Inconnu,Inconnu,500.39,1,1,500.39,0.0,0,0.0,62,71,0.0,0.0,500.39,0.0,0.0
M91992,,Inconnu,Inconnu,480.71,1,1,480.71,0.0,0,0.0,63,72,480.71,0.0,0.0,0.0,0.0
M94753,,Inconnu,Inconnu,479.77,1,1,479.77,0.0,0,0.0,64,73,0.0,479.77,0.0,0.0,0.0
M90189,,Inconnu,Inconnu,477.87,1,1,477.87,0.0,0,0.0,65,74,0.0,477.87,0.0,0.0,0.0
M98086,,Inconnu,Inconnu,476.07,1,1,476.07,0.0,0,0.0,66,75,0.0,0.0,476.07,0.0,0.0
M96598,,Inconnu,Inconnu,473.43,1,1,473.43,0.0,0,0.0,67,76,0.0,0.0,473.43,0.0,0.0
M91838,,Inconnu,Inconnu,471.19,1,1,471.19,0.0,0,0.0,68,77,0.0,471.19,0.0,0.0,0.0
M91192,,Inconnu,Inconnu,460.75,1,1,460.75,0.0,0,0.0,69,78,0.0,460.75,0.0,0.0,0.0
M92122,,Inconnu,Inconnu,458.85,1,1,458.85,0.0,0,0.0,70,79,0.0,0.0,458.85,0.0,0.0
M92475,,Inconnu,Inconnu,439.13,1,1,439.13,0.0,0,0.0,71,80,0.0,0.0,439.13,0.0,0.0
M96399,,Inconnu,Inconnu,434.7,1,1,434.7,0.0,0,0.0,72,81,0.0,0.0,434.7,0.0,0.0
M92124,,Inconnu,Inconnu,434.63,1,1,434.63,0.0,0,0.0,73,82,0.0,0.0,434.63,0.0,0.0
M94750,,Inconnu,Inconnu,428.94,1,1,428.94,0.0,0,0.0,74,83,0.0,0.0,428.94,0.0,0.0
M93031,,Inconnu,Inconnu,413.64,1,1,413.64,0.0,0,0.0,75,84,0.0,0.0,413.64,0.0,0.0
M93348,,Inconnu,Inconnu,389.72,1,1,389.72,0.0,0,0.0,76,85,0.0,0.0,0.0,389.72,0.0
M97437,,Inconnu,Inconnu,389.2,1,1,389.2,0.0,0,0.0,77,86,0.0,389.2,0.0,0.0,0.0
M90368,,Inconnu,Inconnu,386.5,1,1,386.5,0.0,0,0.0,78,87,386.5,0.0,0.0,0.0,0.0
M97079,,Inconnu,Inconnu,377.92,1,1,377.92,0.0,0,0.0,79,88,0.0,377.92,0.0,0.0,0.0
M93201,,Inconnu,Inconnu,366.33,1,1,366.33,0.0,0,0.0,80,89,0.0,366.33,0.0,0.0,0.0
M97090,,Inconnu,Inconnu,366.13,1,1,366.13,0.0,0,0.0,81,90,0.0,366.13,0.0,0.0,0.0
M94546,,Inconnu,Inconnu,361.7,1,1,361.7,0.0,0,0.0,82,91,0.0,0.0,361.7,0.0,0.0
M98490,,Inconnu,Inconnu,356.15,1,1,356.15,0.0,0,0.0,83,92,356.15,0.0,0.0,0.0,0.0
M90419,,Inconnu,Inconnu,337.58,1,1,337.58,0.0,0,0.0,84,93,0.0,0.0,337.58,0.0,0.0
M93693,,Inconnu,Inconnu,326.86,1,1,326.86,0.0,0,0.0,85,94,326.86,0.0,0.0,0.0,0.0
M90219,,Inconnu,Inconnu,321.86,1,1,321.86,0.0,0,0.0,86,95,0.0,321.86,0.0,0.0,0.0
M91397,,Inconnu,Inconnu,321.21,1,1,321.21,0.0,0,0.0,87,96,321.21,0.0,0.0,0.0,0.0
M99258,,Inconnu,Inconnu,320.42,1,1,320.42,0.0,0,0.0,88,97,0.0,320.42,0.0,0.0,0.0
M99868,,Inconnu,Inconnu,317.89,1,1,317.89,0.0,0,0.0,89,98,0.0,0.0,317.89,0.0,0.0
M96291,,Inconnu,Inconnu,315.04,1,1,315.04,0.0,0,0.0,90,99,0.0,315.04,0.0,0.0,0.0
M99494,,Inconnu,Inconnu,314.08,1,1,314.08,0.0,0,0.0,91,100,0.0,314.08,0.0,0.0,0.0
M90232,,Inconnu,Inconnu,312.15,1,1,312.15,0.0,0,0.0,92,101,0.0,312.15,0.0,0.0,0.0
M99573,,Inconnu,Inconnu,309.48,1,1,309.48,0.0,0,0.0,93,102,0.0,309.48,0.0,0.0,0.0
M92815,,Inconnu,Inconnu,307.87,1,1,307.87,0.0,0,0.0,94,103,0.0,307.87,0.0,0.0,0.0
M95797,,Inconnu,Inconnu,299.84,1,1,299.84,0.0,0,0.0,95,104,0.0,299.84,0.0,0.0,0.0
M94612,,Inconnu,Inconnu,296.25,2,2,148.13,0.0,0,0.0,96,105,0.0,77.38,218.87,0.0,0.0
M90317,,Inconnu,Inconnu,294.36,1,1,294.36,0.0,0,0.0,97,106,0.0,0.0,294.36,0.0,0.0
M91867,,Inconnu,Inconnu,289.32,1,1,289.32,0.0,0,0.0,98,107,0.0,289.32,0.0,0.0,0.0
M99030,,Inconnu,Inconnu,281.84,1,1,281.84,0.0,0,0.0,99,108,0.0,0.0,0.0,281.84,0.0
M92945,,Inconnu,Inconnu,277.67,1,1,277.67,0.0,0,0.0,100,109,0.0,277.67,0.0,0.0,0.0
M90747,,Inconnu,Inconnu,271.14,1,1,271.14,0.0,0,0.0,101,110,0.0,0.0,271.14,0.0,0.0
M99501,,Inconnu,Inconnu,266.27,1,1,266.27,0.0,0,0.0,102,111,0.0,266.27,0.0,0.0,0.0
M99361,,Inconnu,Inconnu,257.25,1,1,257.25,0.0,0,0.0,103,112,257.25,0.0,0.0,0.0,0.0
M93825,,Inconnu,Inconnu,247.51,1,1,247.51,0.0,0,0.0,104,113,0.0,247.51,0.0,0.0,0.0
M92180,,Inconnu,Inconnu,246.57,1,1,246.57,0.0,0,0.0,105,114,0.0,0.0,246.57,0.0,0.0
M94894,,Inconnu,Inconnu,241.66,1,1,241.66,0.0,0,0.0,106,115,0.0,241.66,0.0,0.0,0.0
M92008,,Inconnu,Inconnu,236.49,1,1,236.49,0.0,0,0.0,107,116,0.0,0.0,236.49,0.0,0.0
M95649,,Inconnu,Inconnu,236.21,1,1,236.21,0.0,0,0.0,108,117,0.0,236.21,0.0,0.0,0.0
M95213,,Inconnu,Inconnu,229.84,1,1,229.84,0.0,0,0.0,109,118,0.0,0.0,229.84,0.0,0.0
M92529,,Inconnu,Inconnu,225.35,1,1,225.35,0.0,0,0.0,110,119,0.0,0.0,225.35,0.0,0.0
M92011,,Inconnu,Inconnu,224.49,1,1,224.49,0.0,0,0.0,111,120,0.0,0.0,224.49,0.0,0.0
M98743,,Inconnu,Inconnu,222.61,1,1,222.61,0.0,0,0.0,112,121,0.0,0.0,222.61,0.0,0.0
M99629,,Inconnu,Inconnu,220.58,1,1,220.58,0.0,0,0.0,113,122,0.0,0.0,0.0,0.0,220.58
M92332,,Inconnu,Inconnu,218.17,1,1,218.17,0.0,0,0.0,114,123,218.17,0.0,0.0,0.0,0.0
M94440,,Inconnu,Inconnu,217.78,1,1,217.78,0.0,0,0.0,115,124,0.0,217.78,0.0,0.0,0.0
M98810,,Inconnu,Inconnu,216.89,1,1,216.89,0.0,0,0.0,116,125,0.0,216.89,0.0,0.0,0.0
M94627,,Inconnu,Inconnu,213.62,1,1,213.62,0.0,0,0.0,117,126,0.0,213.62,0.0,0.0,0.0
M90513,,Inconnu,Inconnu,207.88,1,1,207.88,0.0,0,0.0,118,127,0.0,0.0,207.88,0.0,0.0
M90077,,Inconnu,Inconnu,203.93,1,1,203.93,0.0,0,0.0,119,128,0.0,0.0,203.93,0.0,0.0
M90526,,Inconnu,Inconnu,203.51,1,1,203.51,0.0,0,0.0,120,129,203.51,0.0,0.0,0.0,0.0
M96857,,Inconnu,Inconnu,202.56,1,1,202.56,0.0,0,0.0,121,130,0.0,202.56,0.0,0.0,0.0
M99059,,Inconnu,Inconnu,198.82,1,1,198.82,0.0,0,0.0,122,131,0.0,0.0,198.82,0.0,0.0
M91973,,Inconnu,Inconnu,181.83,1,1,181.83,0.0,0,0.0,123,132,0.0,181.83,0.0,0.0,0.0
M91016,,Inconnu,Inconnu,180.78,1,1,180.78,0.0,0,0.0,124,133,180.78,0.0,0.0,0.0,0.0
M93418,,Inconnu,Inconnu,179.57,1,1,179.57,0.0,0,0.0,125,134,0.0,0.0,179.57,0.0,0.0
M97653,,Inconnu,Inconnu,176.17,1,1,176.17,0.0,0,0.0,126,135,176.17,0.0,0.0,0.0,0.0
M93185,,Inconnu,Inconnu,174.58,1,1,174.58,0.0,0,0.0,127,136,0.0,0.0,0.0,174.58,0.0
M91455,,Inconnu,Inconnu,173.55,1,1,173.55,0.0,0,0.0,128,137,0.0,0.0,173.55,0.0,0.0
M96559,,Inconnu,Inconnu,171.99,1,1,171.99,0.0,0,0.0,129,138,0.0,171.99,0.0,0.0,0.0
M93445,,Inconnu,Inconnu,169.13,1,1,169.13,0.0,0,0.0,130,139,0.0,0.0,169.13,0.0,0.0
M98736,,Inconnu,Inconnu,163.79,1,1,163.79,0.0,0,0.0,131,140,0.0,163.79,0.0,0.0,0.0
M90021,,Inconnu,Inconnu,161.67,1,1,161.67,0.0,0,0.0,132,141,0.0,161.67,0.0,0.0,0.0
M93609,,Inconnu,Inconnu,161.38,1,1,161.38,0.0,0,0.0,133,142,0.0,161.38,0.0,0.0,0.0
M99717,,Inconnu,Inconnu,161.33,1,1,161.33,0.0,0,0.0,134,143,0.0,0.0,161.33,0.0,0.0
M94096,,Inconnu,Inconnu,160.31,1,1,160.31,0.0,0,0.0,135,144,160.31,0.0,0.0,0.0,0.0
M95758,,Inconnu,Inconnu,158.63,1,1,158.63,0.0,0,0.0,136,145,0.0,158.63,0.0,0.0,0.0
M90347,,Inconnu,Inconnu,157.87,1,1,157.87,0.0,0,0.0,137,146,0.0,157.87,0.0,0.0,0.0
M93446,,Inconnu,Inconnu,156.27,1,1,156.27,0.0,0,0.0,138,147,0.0,0.0,156.27,0.0,0.0
M98319,,Inconnu,Inconnu,151.65,1,1,151.65,0.0,0,0.0,139,148,0.0,151.65,0.0,0.0,0.0
M90184,,Inconnu,Inconnu,148.38,1,1,148.38,0.0,0,0.0,140,149,0.0,148.38,0.0,0.0,0.0
M99775,,Inconnu,Inconnu,148.2,1,1,148.2,0.0,0,0.0,141,150,0.0,148.2,0.0,0.0,0.0
M99555,,Inconnu,Inconnu,143.3,1,1,143.3,0.0,0,0.0,142,151,0.0,143.3,0.0,0.0,0.0
M94476,,Inconnu,Inconnu,142.75,1,1,142.75,0.0,0,0.0,143,152,0.0,0.0,142.75,0.0,0.0
M98798,,Inconnu,Inconnu,142.31,1,1,142.31,0.0,0,0.0,144,153,0.0,142.31,0.0,0.0,0.0
M90887,,Inconnu,Inconnu,139.51,1,1,139.51,0.0,0,0.0,145,154,139.51,0.0,0.0,0.0,0.0
M91229,,Inconnu,Inconnu,138.42,1,1,138.42,0.0,0,0.0,146,155,0.0,0.0,138.42,0.0,0.0
M99439,,Inconnu,Inconnu,136.34,1,1,136.34,0.0,0,0.0,147,156,0.0,0.0,136.34,0.0,0.0
M99586,,Inconnu,Inconnu,135.17,1,1,135.17,0.0,0,0.0,148,157,0.0,135.17,0.0,0.0,0.0
M97729,,Inconnu,Inconnu,130.78,1,1,130.78,0.0,0,0.0,149,158,130.78,0.0,0.0,0.0,0.0
M96010,,Inconnu,Inconnu,130.03,1,1,130.03,0.0,0,0.0,150,159,130.03,0.0,0.0,0.0,0.0
M91911,,Inconnu,Inconnu,129.66,1,1,129.66,0.0,0,0.0,151,160,0.0,129.66,0.0,0.0,0.0
M93156,,Inconnu,Inconnu,125.49,1,1,125.49,0.0,0,0.0,152,161,0.0,0.0,125.49,0.0,0.0
M94256,,Inconnu,Inconnu,125.2,1,1,125.2,0.0,0,0.0,153,162,0.0,0.0,125.2,0.0,0.0
M98489,,Inconnu,Inconnu,125.0,2,2,62.5,0.0,0,0.0,154,163,113.95,11.05,0.0,0.0,0.0
M90761,,Inconnu,Inconnu,123.89,1,1,123.89,0.0,0,0.0,155,164,0.0,123.89,0.0,0.0,0.0
M94007,,Inconnu,Inconnu,122.49,1,1,122.49,0.0,1,100.0,156,165,122.49,0.0,0.0,0.0,0.0
M92800,,Inconnu,Inconnu,121.31,1,1,121.31,0.0,0,0.0,157,166,0.0,0.0,121.31,0.0,0.0
M95256,,Inconnu,Inconnu,118.5,1,1,118.5,0.0,0,0.0,158,167,0.0,118.5,0.0,0.0,0.0
M94396,,Inconnu,Inconnu,108.77,1,1,108.77,0.0,0,0.0,159,168,0.0,108.77,0.0,0.0,0.0
M98469,,Inconnu,Inconnu,105.26,1,1,105.26,0.0,0,0.0,160,169,0.0,0.0,105.26,0.0,0.0
M99133,,Inconnu,Inconnu,105.24,1,1,105.24,0.0,0,0.0,161,170,0.0,105.24,0.0,0.0,0.0
M94576,,Inconnu,Inconnu,103.34,1,1,103.34,0.0,0,0.0,162,171,0.0,103.34,0.0,0.0,0.0
M98211,,Inconnu,Inconnu,101.41,1,1,101.41,0.0,0,0.0,163,172,0.0,0.0,101.41,0.0,0.0
M91460,,Inconnu,Inconnu,99.7,1,1,99.7,0.0,0,0.0,164,173,0.0,99.7,0.0,0.0,0.0
M94901,,Inconnu,Inconnu,98.17,1,1,98.17,0.0,0,0.0,165,174,0.0,98.17,0.0,0.0,0.0
M97660,,Inconnu,Inconnu,98.17,1,1,98.17,0.0,0,0.0,165,174,0.0,98.17,0.0,0.0,0.0
M98443,,Inconnu,Inconnu,96.88,1,1,96.88,0.0,0,0.0,166,175,0.0,96.88,0.0,0.0,0.0
M92199,,Inconnu,Inconnu,95.24,1,1,95.24,0.0,0,0.0,167,176,95.24,0.0,0.0,0.0,0.0
M93495,,Inconnu,Inconnu,95.22,1,1,95.22,0.0,0,0.0,168,177,0.0,95.22,0.0,0.0,0.0
M94035,,Inconnu,Inconnu,95.1,1,1,95.1,0.0,0,0.0,169,178,0.0,95.1,0.0,0.0,0.0
M92335,,Inconnu,Inconnu,94.88,2,2,47.44,0.0,0,0.0,170,179,0.0,70.32,24.56,0.0,0.0
M97744,,Inconnu,Inconnu,93.23,1,1,93.23,0.0,0,0.0,171,180,0.0,0.0,93.23,0.0,0.0
M98725,,Inconnu,Inconnu,92.31,1,1,92.31,0.0,0,0.0,172,181,0.0,0.0,92.31,0.0,0.0
M92406,,Inconnu,Inconnu,90.55,1,1,90.55,0.0,0,0.0,173,182,0.0,90.55,0.0,0.0,0.0
M95635,,Inconnu,Inconnu,90.36,1,1,90.36,0.0,0,0.0,174,183,0.0,90.36,0.0,0.0,0.0
M90508,,Inconnu,Inconnu,89.68,1,1,89.68,0.0,0,0.0,175,184,0.0,89.68,0.0,0.0,0.0
M99956,,Inconnu,Inconnu,88.29,1,1,88.29,0.0,0,0.0,176,185,0.0,88.29,0.0,0.0,0.0
M91133,,Inconnu,Inconnu,87.95,1,1,87.95,0.0,0,0.0,177,186,0.0,0.0,87.95,0.0,0.0
M96026,,Inconnu,Inconnu,87.76,1,1,87.76,0.0,0,0.0,178,187,0.0,87.76,0.0,0.0,0.0
M98588,,Inconnu,Inconnu,87.69,1,1,87.69,0.0,0,0.0,179,188,0.0,87.69,0.0,0.0,0.0
M99468,,Inconnu,Inconnu,86.87,1,1,86.87,0.0,0,0.0,180,189,0.0,86.87,0.0,0.0,0.0
M97084,,Inconnu,Inconnu,86.57,1,1,86.57,0.0,0,0.0,181,190,0.0,86.57,0.0,0.0,0.0
M96435,,Inconnu,Inconnu,84.68,1,1,84.68,0.0,0,0.0,182,191,0.0,0.0,0.0,84.68,0.0
M97723,,Inconnu,Inconnu,84.58,1,1,84.58,0.0,0,0.0,183,192,84.58,0.0,0.0,0.0,0.0
M97987,,Inconnu,Inconnu,82.05,1,1,82.05,0.0,0,0.0,184,193,0.0,82.05,0.0,0.0,0.0
M96874,,Inconnu,Inconnu,79.74,1,1,79.74,0.0,0,0.0,185,194,0.0,79.74,0.0,0.0,0.0
M96848,,Inconnu,Inconnu,79.03,1,1,79.03,0.0,0,0.0,186,195,0.0,79.03,0.0,0.0,0.0
M96085,,Inconnu,Inconnu,76.74,1,1,76.74,0.0,0,0.0,187,196,0.0,76.74,0.0,0.0,0.0
M91976,,Inconnu,Inconnu,73.27,1,1,73.27,0.0,0,0.0,188,197,0.0,73.27,0.0,0.0,0.0
M91456,,Inconnu,Inconnu,72.28,1,1,72.28,0.0,0,0.0,189,198,0.0,0.0,72.28,0.0,0.0
M90516,,Inconnu,Inconnu,71.49,1,1,71.49,0.0,0,0.0,190,199,71.49,0.0,0.0,0.0,0.0
M98998,,Inconnu,Inconnu,71.41,1,1,71.41,0.0,0,0.0,191,200,0.0,71.41,0.0,0.0,0.0
M97809,,Inconnu,Inconnu,70.28,1,1,70.28,0.0,0,0.0,192,201,0.0,70.28,0.0,0.0,0.0
M93149,,Inconnu,Inconnu,70.24,1,1,70.24,0.0,0,0.0,193,202,0.0,0.0,70.24,0.0,0.0
M91165,,Inconnu,Inconnu,68.88,1,1,68.88,0.0,0,0.0,194,203,0.0,0.0,68.88,0.0,0.0
M91490,,Inconnu,Inconnu,68.6,1,1,68.6,0.0,0,0.0,195,204,0.0,0.0,68.6,0.0,0.0
M90288,,Inconnu,Inconnu,68.4,1,1,68.4,0.0,0,0.0,196,205,0.0,0.0,68.4,0.0,0.0
M95965,,Inconnu,Inconnu,65.94,1,1,65.94,0.0,0,0.0,197,206,0.0,65.94,0.0,0.0,0.0
M90910,,Inconnu,Inconnu,64.51,1,1,64.51,0.0,0,0.0,198,207,0.0,64.51,0.0,0.0,0.0
M95706,,Inconnu,Inconnu,64.28,1,1,64.28,0.0,0,0.0,199,208,64.28,0.0,0.0,0.0,0.0
M96148,,Inconnu,Inconnu,64.2,1,1,64.2,0.0,0,0.0,200,209,0.0,0.0,64.2,0.0,0.0
M96688,,Inconnu,Inconnu,59.1,1,1,59.1,0.0,0,0.0,201,210,0.0,59.1,0.0,0.0,0.0
M94976,,Inconnu,Inconnu,57.98,1,1,57.98,0.0,0,0.0,202,211,0.0,57.98,0.0,0.0,0.0
M98313,,Inconnu,Inconnu,57.4,1,1,57.4,0.0,0,0.0,203,212,57.4,0.0,0.0,0.0,0.0
M95853,,Inconnu,Inconnu,56.86,1,1,56.86,0.0,0,0.0,204,213,0.0,0.0,56.86,0.0,0.0
M97378,,Inconnu,Inconnu,55.9,1,1,55.9,0.0,0,0.0,205,214,0.0,55.9,0.0,0.0,0.0
M99520,,Inconnu,Inconnu,53.66,1,1,53.66,0.0,0,0.0,206,215,0.0,0.0,53.66,0.0,0.0
M90255,,Inconnu,Inconnu,53.1,1,1,53.1,0.0,0,0.0,207,216,53.1,0.0,0.0,0.0,0.0
M92799,,Inconnu,Inconnu,52.65,1,1,52.65,0.0,0,0.0,208,217,52.65,0.0,0.0,0.0,0.0
M92507,,Inconnu,Inconnu,52.11,1,1,52.11,0.0,0,0.0,209,218,0.0,0.0,52.11,0.0,0.0
M91438,,Inconnu,Inconnu,51.98,1,1,51.98,0.0,0,0.0,210,219,0.0,0.0,51.98,0.0,0.0
M99706,,Inconnu,Inconnu,51.77,1,1,51.77,0.0,0,0.0,211,220,0.0,51.77,0.0,0.0,0.0
M90192,,Inconnu,Inconnu,50.27,1,1,50.27,0.0,0,0.0,212,221,0.0,50.27,0.0,0.0,0.0
M99622,,Inconnu,Inconnu,48.69,1,1,48.69,0.0,0,0.0,213,222,0.0,0.0,48.69,0.0,0.0
M93854,,Inconnu,Inconnu,47.11,1,1,47.11,0.0,0,0.0,214,223,0.0,47.11,0.0,0.0,0.0
M98814,,Inconnu,Inconnu,41.75,1,1,41.75,0.0,0,0.0,215,224,41.75,0.0,0.0,0.0,0.0
M94336,,Inconnu,Inconnu,41.57,1,1,41.57,0.0,0,0.0,216,225,0.0,41.57,0.0,0.0,0.0
M95267,,Inconnu,Inconnu,41.51,1,1,41.51,0.0,0,0.0,217,226,0.0,0.0,41.51,0.0,0.0
M90037,,Inconnu,Inconnu,39.44,1,1,39.44,0.0,0,0.0,218,227,0.0,39.44,0.0,0.0,0.0
M98042,,Inconnu,Inconnu,39.22,1,1,39.22,0.0,0,0.0,219,228,39.22,0.0,0.0,0.0,0.0
M94908,,Inconnu,Inconnu,38.49,1,1,38.49,0.0,0,0.0,220,229,0.0,0.0,0.0,38.49,0.0
M95021,,Inconnu,Inconnu,38.43,1,1,38.43,0.0,0,0.0,221,230,38.43,0.0,0.0,0.0,0.0
M91698,,Inconnu,Inconnu,37.8,1,1,37.8,0.0,0,0.0,222,231,0.0,37.8,0.0,0.0,0.0
M97980,,Inconnu,Inconnu,36.26,1,1,36.26,0.0,0,0.0,223,232,0.0,0.0,36.26,0.0,0.0
M96957,,Inconnu,Inconnu,33.36,1,1,33.36,0.0,0,0.0,224,233,0.0,33.36,0.0,0.0,0.0
M91694,,Inconnu,Inconnu,32.37,1,1,32.37,0.0,0,0.0,225,234,0.0,0.0,32.37,0.0,0.0
M91107,,Inconnu,Inconnu,30.62,1,1,30.62,0.0,0,0.0,226,235,0.0,30.62,0.0,0.0,0.0
M96311,,Inconnu,Inconnu,30.52,1,1,30.52,0.0,0,0.0,227,236,0.0,30.52,0.0,0.0,0.0
M94017,,Inconnu,Inconnu,30.24,1,1,30.24,0.0,0,0.0,228,237,0.0,0.0,30.24,0.0,0.0
M97003,,Inconnu,Inconnu,29.7,1,1,29.7,0.0,0,0.0,229,238,0.0,0.0,29.7,0.0,0.0
M96692,,Inconnu,Inconnu,29.33,1,1,29.33,0.0,0,0.0,230,239,0.0,0.0,29.33,0.0,0.0
M93464,,Inconnu,Inconnu,28.67,1,1,28.67,0.0,0,0.0,231,240,28.67,0.0,0.0,0.0,0.0
M96189,,Inconnu,Inconnu,28.66,1,1,28.66,0.0,0,0.0,232,241,0.0,0.0,0.0,0.0,28.66
M96145,,Inconnu,Inconnu,27.97,1,1,27.97,0.0,0,0.0,233,242,0.0,27.97,0.0,0.0,0.0
M91268,,Inconnu,Inconnu,27.93,1,1,27.93,0.0,0,0.0,234,243,0.0,0.0,0.0,27.93,0.0
M98759,,Inconnu,Inconnu,26.69,1,1,26.69,0.0,0,0.0,235,244,0.0,26.69,0.0,0.0,0.0
M90373,,Inconnu,Inconnu,26.01,1,1,26.01,0.0,0,0.0,236,245,0.0,0.0,26.01,0.0,0.0
M90889,,Inconnu,Inconnu,25.2,1,1,25.2,0.0,0,0.0,237,246,25.2,0.0,0.0,0.0,0.0
M90763,,Inconnu,Inconnu,24.22,1,1,24.22,0.0,0,0.0,238,247,0.0,24.22,0.0,0.0,0.0
M93117,,Inconnu,Inconnu,23.69,1,1,23.69,0.0,0,0.0,239,248,0.0,23.69,0.0,0.0,0.0
M96420,,Inconnu,Inconnu,20.53,1,1,20.53,0.0,0,0.0,240,249,0.0,20.53,0.0,0.0,0.0
M93277,,Inconnu,Inconnu,20.09,1,1,20.09,0.0,0,0.0,241,250,0.0,0.0,20.09,0.0,0.0
M91588,,Inconnu,Inconnu,18.45,1,1,18.45,0.0,0,0.0,242,251,0.0,18.45,0.0,0.0,0.0
M97418,,Inconnu,Inconnu,18.0,1,1,18.0,0.0,0,0.0,243,252,0.0,18.0,0.0,0.0,0.0
M98264,,Inconnu,Inconnu,16.05,1,1,16.05,0.0,0,0.0,244,253,16.05,0.0,0.0,0.0,0.0
M97334,,Inconnu,Inconnu,15.16,1,1,15.16,0.0,0,0.0,245,254,0.0,15.16,0.0,0.0,0.0
M99425,,Inconnu,Inconnu,15.07,1,1,15.07,0.0,0,0.0,246,255,0.0,0.0,15.07,0.0,0.0
M94302,,Inconnu,Inconnu,14.35,1,1,14.35,0.0,0,0.0,247,256,14.35,0.0,0.0,0.0,0.0
M98583,,Inconnu,Inconnu,13.73,1,1,13.73,0.0,0,0.0,248,257,0.0,13.73,0.0,0.0,0.0
M93725,,Inconnu,Inconnu,11.74,1,1,11.74,0.0,0,0.0,249,258,0.0,11.74,0.0,0.0,0.0
M95660,,Inconnu,Inconnu,11.15,1,1,11.15,0.0,0,0.0,250,259,0.0,11.15,0.0,0.0,0.0
M95427,,Inconnu,Inconnu,10.09,1,1,10.09,0.0,0,0.0,251,260,0.0,0.0,10.09,0.0,0.0
M96109,,Inconnu,Inconnu,9.84,1,1,9.84,0.0,0,0.0,252,261,0.0,9.84,0.0,0.0,0.0
M94241,,Inconnu,Inconnu,7.64,1,1,7.64,0.0,0,0.0,253,262,0.0,7.64,0.0,0.0,0.0
M93762,,Inconnu,Inconnu,7.25,1,1,7.25,0.0,0,0.0,254,263,0.0,0.0,7.25,0.0,0.0
M92632,,Inconnu,Inconnu,6.0,1,1,6.0,0.0,0,0.0,255,264,0.0,0.0,6.0,0.0,0.0
M94370,,Inconnu,Inconnu,4.9,1,1,4.9,0.0,0,0.0,256,265,0.0,0.0,4.9,0.0,0.0
