payment_method,day_period,chiffre_affaires,nb_transactions,montant_moyen
,Afternoon,35219.05,102,345.28
,Morning,32918.99,82,401.45
,Evening,27777.15,70,396.82
,Night,21721.56,41,529.79
BANK_TRANSFER,Afternoon,3727136.96,9542,390.6
BANK_TRANSFER,Morning,2921176.82,7847,372.27
BANK_TRANSFER,Evening,2560658.05,6597,388.15
BANK_TRANSFER,Night,1202608.01,3092,388.94
CARD,Afternoon,6208585.97,16246,382.16
CARD,Morning,5193088.88,13527,383.91
CARD,Evening,4223796.16,11203,377.02
CARD,Night,2030285.36,5357,379.0
CASH,Afternoon,2856289.65,7576,377.02
CASH,Morning,2395377.82,6186,387.23
CASH,Evening,2060983.55,5255,392.19
CASH,Night,953239.98,2486,383.44
CRYPTO,Night,3016129.6,1981,1522.53
CRYPTO,Afternoon,1484376.28,3838,386.76
CRYPTO,Morning,1221008.13,3168,385.42
CRYPTO,Evening,1000701.67,2582,387.57
PAYPAL,Afternoon,3880990.41,10327,375.81
PAYPAL,Morning,3223934.5,8513,378.71
PAYPAL,Evening,2689930.0,7071,380.42
PAYPAL,Night,1283988.03,3468,370.24
