cohort_month,0,1,2,3,4,5,6,7,8,9,10,11,12,13,14,15,16,17,18,19,20,21,22,23
2024-01,100.0,43.09,36.32,31.62,26.62,23.09,21.62,14.12,15.15,11.47,10.59,8.24,8.24,7.35,5.15,6.18,3.53,4.26,4.41,3.09,2.35,1.91,1.47,1.91
2024-02,100.0,44.65,34.63,28.86,31.07,20.37,19.35,16.98,14.6,14.09,10.7,9.68,6.45,7.13,7.47,6.96,2.38,2.55,3.4,3.74,1.36,1.36,1.02,
2024-03,100.0,41.21,36.32,29.15,27.52,20.68,19.38,14.33,14.17,12.87,10.59,9.28,9.61,7.17,3.91,4.4,5.37,3.91,2.61,1.47,2.28,1.14,,
2024-04,100.0,46.07,34.43,32.3,27.38,24.26,20.16,15.08,14.59,12.62,9.34,9.18,6.89,7.54,6.56,4.1,3.11,2.95,2.79,3.28,2.46,,,
2024-05,100.0,42.95,36.41,27.85,26.34,22.15,20.64,16.78,14.6,12.75,8.89,7.89,8.22,8.05,5.37,5.87,4.53,3.52,3.02,3.69,,,,
2024-06,100.0,41.16,35.38,29.95,25.39,22.94,20.67,16.99,13.84,12.78,10.33,7.36,8.58,5.95,6.13,5.08,4.9,4.38,2.63,,,,,
2024-07,100.0,42.2,32.8,28.9,23.94,20.57,19.15,17.73,13.3,13.65,12.06,7.62,5.14,5.5,5.85,4.43,3.37,4.08,,,,,,
2024-08,100.0,41.59,37.91,30.75,25.73,15.28,21.66,17.21,16.05,13.93,12.57,8.32,6.0,8.12,6.38,6.58,3.09,,,,,,,
2024-09,100.0,41.59,35.92,31.38,25.71,23.25,16.82,16.64,15.12,14.56,9.83,8.32,8.32,6.05,7.18,5.86,,,,,,,,
2024-10,100.0,41.19,36.48,31.56,24.59,22.54,18.24,16.6,15.16,9.02,10.04,10.04,8.81,5.12,7.58,,,,,,,,,
2024-11,100.0,41.53,34.5,31.82,23.55,25.21,20.87,14.67,17.15,12.4,9.71,7.85,9.3,5.79,,,,,,,,,,
2024-12,100.0,39.07,30.68,30.24,22.52,22.52,18.76,15.67,10.6,10.38,11.04,10.82,6.84,,,,,,,,,,,
2025-01,100.0,41.89,31.53,27.48,25.23,25.45,16.89,19.14,14.41,12.39,10.36,7.43,,,,,,,,,,,,
2025-02,100.0,39.78,29.33,31.56,26.0,23.56,18.89,17.33,14.44,11.33,10.67,,,,,,,,,,,,,
2025-03,100.0,40.44,34.87,32.93,21.31,22.28,18.89,15.01,14.53,13.08,,,,,,,,,,,,,,
2025-04,100.0,43.7,34.85,30.29,21.45,18.77,18.5,16.09,11.8,,,,,,,,,,,,,,,
2025-05,100.0,42.86,31.43,30.13,24.42,23.38,18.18,19.22,,,,,,,,,,,,,,,,
2025-06,100.0,45.99,38.87,36.2,24.93,23.15,22.55,,,,,,,,,,,,,,,,,
2025-07,100.0,42.49,42.49,28.05,24.08,25.21,,,,,,,,,,,,,,,,,,
2025-08,100.0,46.04,33.72,30.21,25.22,,,,,,,,,,,,,,,,,,,
2025-09,100.0,35.99,33.22,31.49,,,,,,,,,,,,,,,,,,,,
2025-10,100.0,45.69,31.31,,,,,,,,,,,,,,,,,,,,,
2025-11,100.0,42.05,,,,,,,,,,,,,,,,,,,,,,
2025-12,100.0,,,,,,,,,,,,,,,,,,,,,,,
