cohort_month,period_index,nb_utilisateurs_actifs,nb_utilisateurs_initiaux,taux_retention_pct
2025-06,3,122,337,36.2
2025-03,3,136,413,32.93
2024-04,3,197,610,32.3
2024-11,3,154,484,31.82
2024-01,3,215,680,31.62
2025-02,3,142,450,31.56
2024-10,3,154,488,31.56
2025-09,3,91,289,31.49
2024-09,3,166,529,31.38
2024-08,3,159,517,30.75
2025-04,3,113,373,30.29
2024-12,3,137,453,30.24
2025-08,3,103,341,30.21
2025-05,3,116,385,30.13
2024-06,3,171,571,29.95
2024-03,3,179,614,29.15
2024-07,3,163,564,28.9
2024-02,3,170,589,28.86
2025-07,3,99,353,28.05
2024-05,3,166,596,27.85
2025-01,3,122,444,27.48
