payment_method,day_period,chiffre_affaires
,Afternoon,35219.05
,Evening,27777.15
,Morning,32918.99
,Night,21721.56
BANK_TRANSFER,Afternoon,3727136.96
BANK_TRANSFER,Evening,2560658.05
BANK_TRANSFER,Morning,2921176.82
BANK_TRANSFER,Night,1202608.01
CARD,Afternoon,6208585.97
CARD,Evening,4223796.16
CARD,Morning,5193088.88
CARD,Night,2030285.36
CASH,Afternoon,2856289.65
CASH,Evening,2060983.55
CASH,Morning,2395377.82
CASH,Night,953239.98
CRYPTO,Afternoon,1484376.28
CRYPTO,Evening,1000701.67
CRYPTO,Morning,1221008.13
CRYPTO,Night,3016129.6
PAYPAL,Afternoon,3880990.41
PAYPAL,Evening,2689930.0
PAYPAL,Morning,3223934.5
PAYPAL,Night,1283988.03
