product_id,product_name,product_category,chiffre_affaires,nb_transactions,note_moyenne,stock_disponible
P02738,,Electronics,85514.9,30,4.3,857
P03826,Standard Camera 3826,Electronics,84331.02,23,4.5,955
P01685,Elite Tablet 1685,Electronics,83446.63,34,2.8,340
P04308,Essential Smartphone 4308,Electronics,82301.61,27,3.9,908
P00354,Premium Laptop 354,Electronics,82130.7,31,3.9,13
P04990,,,78765.15,25,,
P05730,Premium Laptop 5730,Electronics,77818.27,29,3.1,131
P04731,Pro Camera 4731,Electronics,77640.52,24,5.0,624
P05854,Essential Camera 5854,Electronics,76460.5,20,3.5,138
P04130,Premium Laptop 4130,Electronics,75402.86,28,5.0,207
